{
  "Description": "Generated by Azure DevOps Demo Generator",
  "Teams": "Teams.json",
  "SourceCode": "ImportSourceCode.json",
  "CreateService": "CreateServiceEndPoint.json",
  "BoardColumns": "BoardColumns.json",
  "ProjectSettings": "ProjectSettings.json",
  "CardStyle": "UpdateCardStyles.json",
  "CardField": "UpdateCardFields.json",
  "BugfromTemplate": "Bug.json",
  "EpicfromTemplate": "Epic.json",
  "FeaturefromTemplate": "Feature.json",
  "PBIfromTemplate": "ProductBacklogItem.json",
  "UserStoriesFromTemplate": "UserStory.json",
  "TaskfromTemplate": "Task.json",
  "TestCasefromTemplate": "TestCase.json",
  "SetEpic": "EnableEpic.json",
  "TeamArea": "TeamArea.json",
  "IsPrivate": "true",
  "TemplateVersion": "2.0"
}