{
  "count": 6,
  "value": [
    {
      "id": 473,
      "rev": 7,
      "fields": {
        "System.AreaPath": "Azure Cloud Adoption",
        "System.TeamProject": "Azure Cloud Adoption",
        "System.IterationPath": "Azure Cloud Adoption",
        "System.WorkItemType": "Epic",
        "System.State": "Active",
        "System.Reason": "Implementation started",
        "System.CreatedDate": "2020-02-06T07:49:28.14Z",
        "System.CreatedBy": "",
        "System.ChangedDate": "2020-04-14T13:45:41.153Z",
        "System.ChangedBy": "",
        "System.Title": "Cloud Adoption Strategy",
        "Microsoft.VSTS.Scheduling.Effort": 0.0,
        "System.Description": "Cloud Adoption Strategy",
        "System.AssignedTo": "",
        "Microsoft.VSTS.Scheduling.RemainingWork": 0.0,
        "Microsoft.VSTS.Common.Priority": 2.0,
        "System.BoardLane": null,
        "System.Tags": "Strategy",
        "Microsoft.VSTS.TCM.Steps": null,
        "Microsoft.VSTS.TCM.Parameters": null,
        "Microsoft.VSTS.TCM.LocalDataSource": null,
        "Microsoft.VSTS.TCM.AutomationStatus": null,
        "System.History": null
      },
      "relations": [
        {
          "rel": "System.LinkTypes.Hierarchy-Forward",
          "url": "https://dev.azure.com/dummy/_apis/wit/workItems/483",
          "attributes": {
            "isLocked": "false",
            "comment": "Making a new link for the dependency",
            "name": "Child"
          }
        }
      ],
      "url": "https://dev.azure.com/dummy/_apis/wit/workItems/473"
    },
    {
      "id": 6480,
      "rev": 5,
      "fields": {
        "System.AreaPath": "Azure Cloud Adoption",
        "System.TeamProject": "Azure Cloud Adoption",
        "System.IterationPath": "Azure Cloud Adoption",
        "System.WorkItemType": "Epic",
        "System.State": "New",
        "System.Reason": "New",
        "System.CreatedDate": "2021-03-29T12:20:41.093Z",
        "System.CreatedBy": "",
        "System.ChangedDate": "2021-03-30T12:01:21.173Z",
        "System.ChangedBy": "",
        "System.Title": "General workload and migration preparation sample",
        "Microsoft.VSTS.Scheduling.Effort": 0.0,
        "System.Description": null,
        "System.AssignedTo": null,
        "Microsoft.VSTS.Scheduling.RemainingWork": 0.0,
        "Microsoft.VSTS.Common.Priority": 2.0,
        "System.BoardLane": null,
        "System.Tags": "Adopt; First Workload; Workload",
        "Microsoft.VSTS.TCM.Steps": null,
        "Microsoft.VSTS.TCM.Parameters": null,
        "Microsoft.VSTS.TCM.LocalDataSource": null,
        "Microsoft.VSTS.TCM.AutomationStatus": null,
        "System.History": null
      },
      "relations": [
        {
          "rel": "System.LinkTypes.Hierarchy-Forward",
          "url": "https://dev.azure.com/dummy/_apis/wit/workItems/480",
          "attributes": {
            "isLocked": "false",
            "name": "Child"
          }
        },
        {
          "rel": "System.LinkTypes.Hierarchy-Forward",
          "url": "https://dev.azure.com/dummy/_apis/wit/workItems/478",
          "attributes": {
            "isLocked": "false",
            "name": "Child"
          }
        }
      ],
      "url": "https://dev.azure.com/dummy/_apis/wit/workItems/6480"
    },
    {
      "id": 477,
      "rev": 5,
      "fields": {
        "System.AreaPath": "Azure Cloud Adoption",
        "System.TeamProject": "Azure Cloud Adoption",
        "System.IterationPath": "Azure Cloud Adoption",
        "System.WorkItemType": "Epic",
        "System.State": "New",
        "System.Reason": "New",
        "System.CreatedDate": "2020-02-06T07:49:29.75Z",
        "System.CreatedBy": "",
        "System.ChangedDate": "2021-03-30T06:49:23.017Z",
        "System.ChangedBy": "",
        "System.Title": "Govern processes ",
        "Microsoft.VSTS.Scheduling.Effort": 0.0,
        "System.Description": "<div>Use&nbsp;Cloud Adoption Framework governance model identifies key areas of importance during the journey.</div><div><span>Corporate policies: Corporate policies drive cloud governance. The governance guide focuses on specific aspects of corporate policy:</span><div><ul><li>Business risks: Identifying and understanding corporate risks.</li><li>Policy and compliance: Converting risks into policy statements that support any compliance requirements.</li><li>Processes: Ensuring adherence to the stated policies.</li></ul><span style=\"\">Five Disciplines of Cloud Governance: These disciplines support the corporate policies. Each discipline protects the company from potential pitfalls:</span></div><div><ul><li>Cost Management discipline</li><li>Security Baseline discipline</li><li>Resource Consistency discipline</li><li>Identity Baseline discipline</li><li><span>Deployment Acceleration discipline</span></li></ul></div></div><div><br></div><div><br></div>",
        "System.AssignedTo": null,
        "Microsoft.VSTS.Scheduling.RemainingWork": 0.0,
        "Microsoft.VSTS.Common.Priority": 2.0,
        "System.BoardLane": null,
        "System.Tags": "Govern",
        "Microsoft.VSTS.TCM.Steps": null,
        "Microsoft.VSTS.TCM.Parameters": null,
        "Microsoft.VSTS.TCM.LocalDataSource": null,
        "Microsoft.VSTS.TCM.AutomationStatus": null,
        "System.History": null
      },
      "relations": [
        {
          "rel": "System.LinkTypes.Hierarchy-Forward",
          "url": "https://dev.azure.com/dummy/_apis/wit/workItems/6613",
          "attributes": {
            "isLocked": "false",
            "name": "Child"
          }
        },
        {
          "rel": "System.LinkTypes.Hierarchy-Forward",
          "url": "https://dev.azure.com/dummy/_apis/wit/workItems/6595",
          "attributes": {
            "isLocked": "false",
            "name": "Child"
          }
        },
        {
          "rel": "System.LinkTypes.Hierarchy-Forward",
          "url": "https://dev.azure.com/dummy/_apis/wit/workItems/6619",
          "attributes": {
            "isLocked": "false",
            "name": "Child"
          }
        },
        {
          "rel": "System.LinkTypes.Hierarchy-Forward",
          "url": "https://dev.azure.com/dummy/_apis/wit/workItems/6622",
          "attributes": {
            "isLocked": "false",
            "name": "Child"
          }
        },
        {
          "rel": "System.LinkTypes.Hierarchy-Forward",
          "url": "https://dev.azure.com/dummy/_apis/wit/workItems/6612",
          "attributes": {
            "isLocked": "false",
            "name": "Child"
          }
        }
      ],
      "url": "https://dev.azure.com/dummy/_apis/wit/workItems/477"
    },
    {
      "id": 476,
      "rev": 5,
      "fields": {
        "System.AreaPath": "Azure Cloud Adoption",
        "System.TeamProject": "Azure Cloud Adoption",
        "System.IterationPath": "Azure Cloud Adoption",
        "System.WorkItemType": "Epic",
        "System.State": "New",
        "System.Reason": "Moved to the backlog",
        "System.CreatedDate": "2020-02-06T07:49:29.28Z",
        "System.CreatedBy": "",
        "System.ChangedDate": "2021-03-30T09:27:12.567Z",
        "System.ChangedBy": "",
        "System.Title": "Initial cloud management",
        "Microsoft.VSTS.Scheduling.Effort": 0.0,
        "System.Description": "<span>Focus on Team Structure&nbsp;and RACI en define baseline for management. Mature&nbsp;and expand to more role and improve practices.<br></span><div><ul><li>Structure type: Define the type of organizational structure that best fits your operating model.</li><li>Cloud functions: Understand the cloud functionality required to adopt and operate the cloud.<br></li><li>Define business commitments: Document supported workloads to establish operational commitments with the business and agree on cloud management investments for each workload.</li><li>Establish a management baseline: Define the criticality classifications, cloud management tools, and processes required to deliver your minimum commitment to operations management.</li><li>Expand the management baseline: Based on business commitments and operations decisions, make use of the included best practices to implement the required cloud management tooling.</li><li>Mature team structures: Define the teams that can provide various cloud functions.<br></li><li><span>Advanced operations and design principles: Platforms or workloads that require a higher level of business commitment might require a deeper architecture review to deliver on resiliency and reliability commitments.</span></li></ul></div>",
        "System.AssignedTo": null,
        "Microsoft.VSTS.Scheduling.RemainingWork": 0.0,
        "Microsoft.VSTS.Common.Priority": 2.0,
        "System.BoardLane": null,
        "System.Tags": "Manage",
        "Microsoft.VSTS.TCM.Steps": null,
        "Microsoft.VSTS.TCM.Parameters": null,
        "Microsoft.VSTS.TCM.LocalDataSource": null,
        "Microsoft.VSTS.TCM.AutomationStatus": null,
        "System.History": null
      },
      "relations": [
        {
          "rel": "System.LinkTypes.Hierarchy-Forward",
          "url": "https://dev.azure.com/dummy/_apis/wit/workItems/6627",
          "attributes": {
            "isLocked": "false",
            "name": "Child"
          }
        },
        {
          "rel": "System.LinkTypes.Hierarchy-Forward",
          "url": "https://dev.azure.com/dummy/_apis/wit/workItems/6628",
          "attributes": {
            "isLocked": "false",
            "name": "Child"
          }
        },
        {
          "rel": "System.LinkTypes.Hierarchy-Forward",
          "url": "https://dev.azure.com/dummy/_apis/wit/workItems/6625",
          "attributes": {
            "isLocked": "false",
            "name": "Child"
          }
        }
      ],
      "url": "https://dev.azure.com/dummy/_apis/wit/workItems/476"
    },
    {
      "id": 475,
      "rev": 1,
      "fields": {
        "System.AreaPath": "Azure Cloud Adoption",
        "System.TeamProject": "Azure Cloud Adoption",
        "System.IterationPath": "Azure Cloud Adoption",
        "System.WorkItemType": "Epic",
        "System.State": "New",
        "System.Reason": "New",
        "System.CreatedDate": "2020-02-06T07:49:29.007Z",
        "System.CreatedBy": "",
        "System.ChangedDate": "2020-02-06T07:49:29.007Z",
        "System.ChangedBy": "",
        "System.Title": "Cloud Ready",
        "Microsoft.VSTS.Scheduling.Effort": 0.0,
        "System.Description": "Cloud Ready",
        "System.AssignedTo": null,
        "Microsoft.VSTS.Scheduling.RemainingWork": 0.0,
        "Microsoft.VSTS.Common.Priority": 2.0,
        "System.BoardLane": null,
        "System.Tags": "Ready",
        "Microsoft.VSTS.TCM.Steps": null,
        "Microsoft.VSTS.TCM.Parameters": null,
        "Microsoft.VSTS.TCM.LocalDataSource": null,
        "Microsoft.VSTS.TCM.AutomationStatus": null,
        "System.History": null
      },
      "relations": [
        {
          "rel": "System.LinkTypes.Hierarchy-Forward",
          "url": "https://dev.azure.com/dummy/_apis/wit/workItems/6475",
          "attributes": {
            "isLocked": "false",
            "name": "Child"
          }
        },
        {
          "rel": "System.LinkTypes.Hierarchy-Forward",
          "url": "https://dev.azure.com/dummy/_apis/wit/workItems/6554",
          "attributes": {
            "isLocked": "false",
            "name": "Child"
          }
        },
        {
          "rel": "System.LinkTypes.Hierarchy-Forward",
          "url": "https://dev.azure.com/dummy/_apis/wit/workItems/6573",
          "attributes": {
            "isLocked": "false",
            "name": "Child"
          }
        },
        {
          "rel": "System.LinkTypes.Hierarchy-Forward",
          "url": "https://dev.azure.com/dummy/_apis/wit/workItems/481",
          "attributes": {
            "isLocked": "false",
            "comment": "Making a new link for the dependency",
            "name": "Child"
          }
        },
        {
          "rel": "System.LinkTypes.Hierarchy-Forward",
          "url": "https://dev.azure.com/dummy/_apis/wit/workItems/6509",
          "attributes": {
            "isLocked": "false",
            "name": "Child"
          }
        },
        {
          "rel": "System.LinkTypes.Hierarchy-Forward",
          "url": "https://dev.azure.com/dummy/_apis/wit/workItems/6540",
          "attributes": {
            "isLocked": "false",
            "name": "Child"
          }
        },
        {
          "rel": "System.LinkTypes.Hierarchy-Forward",
          "url": "https://dev.azure.com/dummy/_apis/wit/workItems/6550",
          "attributes": {
            "isLocked": "false",
            "name": "Child"
          }
        },
        {
          "rel": "System.LinkTypes.Hierarchy-Forward",
          "url": "https://dev.azure.com/dummy/_apis/wit/workItems/6521",
          "attributes": {
            "isLocked": "false",
            "name": "Child"
          }
        },
        {
          "rel": "System.LinkTypes.Hierarchy-Forward",
          "url": "https://dev.azure.com/dummy/_apis/wit/workItems/6476",
          "attributes": {
            "isLocked": "false",
            "name": "Child"
          }
        },
        {
          "rel": "System.LinkTypes.Hierarchy-Forward",
          "url": "https://dev.azure.com/dummy/_apis/wit/workItems/6489",
          "attributes": {
            "isLocked": "false",
            "name": "Child"
          }
        }
      ],
      "url": "https://dev.azure.com/dummy/_apis/wit/workItems/475"
    },
    {
      "id": 474,
      "rev": 1,
      "fields": {
        "System.AreaPath": "Azure Cloud Adoption",
        "System.TeamProject": "Azure Cloud Adoption",
        "System.IterationPath": "Azure Cloud Adoption",
        "System.WorkItemType": "Epic",
        "System.State": "New",
        "System.Reason": "New",
        "System.CreatedDate": "2020-02-06T07:49:28.55Z",
        "System.CreatedBy": "",
        "System.ChangedDate": "2020-02-06T07:49:28.55Z",
        "System.ChangedBy": "",
        "System.Title": "Cloud Adoption Plan",
        "Microsoft.VSTS.Scheduling.Effort": 0.0,
        "System.Description": "Cloud Adoption Plan",
        "System.AssignedTo": null,
        "Microsoft.VSTS.Scheduling.RemainingWork": 0.0,
        "Microsoft.VSTS.Common.Priority": 2.0,
        "System.BoardLane": null,
        "System.Tags": "Plan",
        "Microsoft.VSTS.TCM.Steps": null,
        "Microsoft.VSTS.TCM.Parameters": null,
        "Microsoft.VSTS.TCM.LocalDataSource": null,
        "Microsoft.VSTS.TCM.AutomationStatus": null,
        "System.History": null
      },
      "relations": [
        {
          "rel": "System.LinkTypes.Hierarchy-Forward",
          "url": "https://dev.azure.com/dummy/_apis/wit/workItems/482",
          "attributes": {
            "isLocked": "false",
            "comment": "Making a new link for the dependency",
            "name": "Child"
          }
        }
      ],
      "url": "https://dev.azure.com/dummy/_apis/wit/workItems/474"
    }
  ],
  "HttpStatusCode": 0,
  "Message": null
}