{
  "count": 14,
  "value": [
    {
      "id": 483,
      "rev": 3,
      "fields": {
        "System.AreaPath": "Azure Cloud Adoption",
        "System.TeamProject": "Azure Cloud Adoption",
        "System.IterationPath": "Azure Cloud Adoption",
        "System.WorkItemType": "Feature",
        "System.State": "New",
        "System.Reason": "New",
        "System.CreatedDate": "2020-02-06T07:49:32.66Z",
        "System.CreatedBy": "",
        "System.ChangedDate": "2021-03-29T12:49:43.007Z",
        "System.ChangedBy": "",
        "System.Title": "Define Adoption Strategy",
        "Microsoft.VSTS.Scheduling.Effort": 0.0,
        "System.Description": "Define Adoption Strategy",
        "System.AssignedTo": null,
        "Microsoft.VSTS.Scheduling.RemainingWork": 0.0,
        "Microsoft.VSTS.Common.Priority": 2.0,
        "System.BoardLane": null,
        "System.Tags": "Strategy",
        "Microsoft.VSTS.TCM.Steps": null,
        "Microsoft.VSTS.TCM.Parameters": null,
        "Microsoft.VSTS.TCM.LocalDataSource": null,
        "Microsoft.VSTS.TCM.AutomationStatus": null,
        "System.History": null
      },
      "relations": [
        {
          "rel": "System.LinkTypes.Hierarchy-Forward",
          "url": "https://dev.azure.com/dummy/_apis/wit/workItems/564",
          "attributes": {
            "isLocked": "false",
            "comment": "Making a new link for the dependency",
            "name": "Child"
          }
        },
        {
          "rel": "System.LinkTypes.Hierarchy-Forward",
          "url": "https://dev.azure.com/dummy/_apis/wit/workItems/6637",
          "attributes": {
            "isLocked": "false",
            "name": "Child"
          }
        },
        {
          "rel": "System.LinkTypes.Hierarchy-Reverse",
          "url": "https://dev.azure.com/dummy/_apis/wit/workItems/473",
          "attributes": {
            "isLocked": "false",
            "comment": "Making a new link for the dependency",
            "name": "Parent"
          }
        },
        {
          "rel": "System.LinkTypes.Hierarchy-Forward",
          "url": "https://dev.azure.com/dummy/_apis/wit/workItems/562",
          "attributes": {
            "isLocked": "false",
            "comment": "Making a new link for the dependency",
            "name": "Child"
          }
        },
        {
          "rel": "System.LinkTypes.Hierarchy-Forward",
          "url": "https://dev.azure.com/dummy/_apis/wit/workItems/565",
          "attributes": {
            "isLocked": "false",
            "comment": "Making a new link for the dependency",
            "name": "Child"
          }
        },
        {
          "rel": "System.LinkTypes.Hierarchy-Forward",
          "url": "https://dev.azure.com/dummy/_apis/wit/workItems/563",
          "attributes": {
            "isLocked": "false",
            "comment": "Making a new link for the dependency",
            "name": "Child"
          }
        }
      ],
      "url": "https://dev.azure.com/dummy/_apis/wit/workItems/483"
    },
    {
      "id": 482,
      "rev": 3,
      "fields": {
        "System.AreaPath": "Azure Cloud Adoption",
        "System.TeamProject": "Azure Cloud Adoption",
        "System.IterationPath": "Azure Cloud Adoption",
        "System.WorkItemType": "Feature",
        "System.State": "New",
        "System.Reason": "New",
        "System.CreatedDate": "2020-02-06T07:49:32.157Z",
        "System.CreatedBy": "",
        "System.ChangedDate": "2021-03-29T12:49:46.833Z",
        "System.ChangedBy": "",
        "System.Title": "Define the Cloud Adoption Plan",
        "Microsoft.VSTS.Scheduling.Effort": 0.0,
        "System.Description": "Define the Cloud Adoption Plan",
        "System.AssignedTo": null,
        "Microsoft.VSTS.Scheduling.RemainingWork": 0.0,
        "Microsoft.VSTS.Common.Priority": 2.0,
        "System.BoardLane": null,
        "System.Tags": "Plan",
        "Microsoft.VSTS.TCM.Steps": null,
        "Microsoft.VSTS.TCM.Parameters": null,
        "Microsoft.VSTS.TCM.LocalDataSource": null,
        "Microsoft.VSTS.TCM.AutomationStatus": null,
        "System.History": null
      },
      "relations": [
        {
          "rel": "System.LinkTypes.Hierarchy-Forward",
          "url": "https://dev.azure.com/dummy/_apis/wit/workItems/560",
          "attributes": {
            "isLocked": "false",
            "comment": "Making a new link for the dependency",
            "name": "Child"
          }
        },
        {
          "rel": "System.LinkTypes.Hierarchy-Forward",
          "url": "https://dev.azure.com/dummy/_apis/wit/workItems/558",
          "attributes": {
            "isLocked": "false",
            "comment": "Making a new link for the dependency",
            "name": "Child"
          }
        },
        {
          "rel": "System.LinkTypes.Hierarchy-Forward",
          "url": "https://dev.azure.com/dummy/_apis/wit/workItems/559",
          "attributes": {
            "isLocked": "false",
            "comment": "Making a new link for the dependency",
            "name": "Child"
          }
        },
        {
          "rel": "System.LinkTypes.Hierarchy-Forward",
          "url": "https://dev.azure.com/dummy/_apis/wit/workItems/561",
          "attributes": {
            "isLocked": "false",
            "comment": "Making a new link for the dependency",
            "name": "Child"
          }
        },
        {
          "rel": "System.LinkTypes.Hierarchy-Reverse",
          "url": "https://dev.azure.com/dummy/_apis/wit/workItems/474",
          "attributes": {
            "isLocked": "false",
            "comment": "Making a new link for the dependency",
            "name": "Parent"
          }
        }
      ],
      "url": "https://dev.azure.com/dummy/_apis/wit/workItems/482"
    },
    {
      "id": 481,
      "rev": 3,
      "fields": {
        "System.AreaPath": "Azure Cloud Adoption",
        "System.TeamProject": "Azure Cloud Adoption",
        "System.IterationPath": "Azure Cloud Adoption",
        "System.WorkItemType": "Feature",
        "System.State": "New",
        "System.Reason": "New",
        "System.CreatedDate": "2020-02-06T07:49:31.807Z",
        "System.CreatedBy": "",
        "System.ChangedDate": "2021-03-29T12:49:33.157Z",
        "System.ChangedBy": "",
        "System.Title": "Initial landing zone creation",
        "Microsoft.VSTS.Scheduling.Effort": 0.0,
        "System.Description": "Landing zone creation",
        "System.AssignedTo": null,
        "Microsoft.VSTS.Scheduling.RemainingWork": 0.0,
        "Microsoft.VSTS.Common.Priority": 2.0,
        "System.BoardLane": null,
        "System.Tags": "Ready",
        "Microsoft.VSTS.TCM.Steps": null,
        "Microsoft.VSTS.TCM.Parameters": null,
        "Microsoft.VSTS.TCM.LocalDataSource": null,
        "Microsoft.VSTS.TCM.AutomationStatus": null,
        "System.History": null
      },
      "relations": [
        {
          "rel": "System.LinkTypes.Hierarchy-Reverse",
          "url": "https://dev.azure.com/dummy/_apis/wit/workItems/475",
          "attributes": {
            "isLocked": "false",
            "comment": "Making a new link for the dependency",
            "name": "Parent"
          }
        },
        {
          "rel": "System.LinkTypes.Hierarchy-Forward",
          "url": "https://dev.azure.com/dummy/_apis/wit/workItems/557",
          "attributes": {
            "isLocked": "false",
            "comment": "Making a new link for the dependency",
            "name": "Child"
          }
        },
        {
          "rel": "System.LinkTypes.Hierarchy-Forward",
          "url": "https://dev.azure.com/dummy/_apis/wit/workItems/554",
          "attributes": {
            "isLocked": "false",
            "comment": "Making a new link for the dependency",
            "name": "Child"
          }
        }
      ],
      "url": "https://dev.azure.com/dummy/_apis/wit/workItems/481"
    },
    {
      "id": 6475,
      "rev": 7,
      "fields": {
        "System.AreaPath": "Azure Cloud Adoption",
        "System.TeamProject": "Azure Cloud Adoption",
        "System.IterationPath": "Azure Cloud Adoption",
        "System.WorkItemType": "Feature",
        "System.State": "New",
        "System.Reason": "New",
        "System.CreatedDate": "2021-03-29T11:59:09.143Z",
        "System.CreatedBy": "",
        "System.ChangedDate": "2021-03-29T16:36:35.33Z",
        "System.ChangedBy": "",
        "System.Title": "Best Practices Enterprise Enrollment and Azure AD Tenants implementation",
        "Microsoft.VSTS.Scheduling.Effort": 0.0,
        "System.Description": "<div>An Enterprise Agreement (EA) enrollment represents the commercial relationship between Microsoft and how your organization uses Azure. It provides the basis for billing across all your subscriptions and affects administration of your digital estate. Your EA enrollment is managed via the Azure EA portal. An enrollment often represents an organization's hierarchy, which includes departments, accounts, and subscriptions. This hierarchy represents cost-enrollment groups within an organization.<br></div>",
        "System.AssignedTo": null,
        "Microsoft.VSTS.Scheduling.RemainingWork": 0.0,
        "Microsoft.VSTS.Common.Priority": 2.0,
        "System.BoardLane": null,
        "System.Tags": "EA and AD Tenants; Ready",
        "Microsoft.VSTS.TCM.Steps": null,
        "Microsoft.VSTS.TCM.Parameters": null,
        "Microsoft.VSTS.TCM.LocalDataSource": null,
        "Microsoft.VSTS.TCM.AutomationStatus": null,
        "System.History": null
      },
      "relations": [
        {
          "rel": "System.LinkTypes.Hierarchy-Forward",
          "url": "https://dev.azure.com/dummy/_apis/wit/workItems/6486",
          "attributes": {
            "isLocked": "false",
            "name": "Child"
          }
        },
        {
          "rel": "System.LinkTypes.Hierarchy-Forward",
          "url": "https://dev.azure.com/dummy/_apis/wit/workItems/6485",
          "attributes": {
            "isLocked": "false",
            "name": "Child"
          }
        },
        {
          "rel": "System.LinkTypes.Hierarchy-Reverse",
          "url": "https://dev.azure.com/dummy/_apis/wit/workItems/475",
          "attributes": {
            "isLocked": "false",
            "name": "Parent"
          }
        },
        {
          "rel": "System.LinkTypes.Hierarchy-Forward",
          "url": "https://dev.azure.com/dummy/_apis/wit/workItems/6484",
          "attributes": {
            "isLocked": "false",
            "name": "Child"
          }
        },
        {
          "rel": "System.LinkTypes.Hierarchy-Forward",
          "url": "https://dev.azure.com/dummy/_apis/wit/workItems/6482",
          "attributes": {
            "isLocked": "false",
            "name": "Child"
          }
        },
        {
          "rel": "System.LinkTypes.Hierarchy-Forward",
          "url": "https://dev.azure.com/dummy/_apis/wit/workItems/6487",
          "attributes": {
            "isLocked": "false",
            "name": "Child"
          }
        },
        {
          "rel": "System.LinkTypes.Hierarchy-Forward",
          "url": "https://dev.azure.com/dummy/_apis/wit/workItems/6488",
          "attributes": {
            "isLocked": "false",
            "name": "Child"
          }
        },
        {
          "rel": "System.LinkTypes.Hierarchy-Forward",
          "url": "https://dev.azure.com/dummy/_apis/wit/workItems/6483",
          "attributes": {
            "isLocked": "false",
            "name": "Child"
          }
        }
      ],
      "url": "https://dev.azure.com/dummy/_apis/wit/workItems/6475"
    },
    {
      "id": 6489,
      "rev": 7,
      "fields": {
        "System.AreaPath": "Azure Cloud Adoption",
        "System.TeamProject": "Azure Cloud Adoption",
        "System.IterationPath": "$ProjectName$\\Iteration 3",
        "System.WorkItemType": "Feature",
        "System.State": "New",
        "System.Reason": "New",
        "System.CreatedDate": "2021-03-29T12:49:27.98Z",
        "System.CreatedBy": "",
        "System.ChangedDate": "2021-03-29T16:36:27.813Z",
        "System.ChangedBy": "",
        "System.Title": "Best Practices Identity and Access Management implementation ",
        "Microsoft.VSTS.Scheduling.Effort": 0.0,
        "System.Description": "<div><span>Identity provides the basis of a large percentage of security assurance. It enables access based on identity authentication and authorization controls in cloud services to protect data and resources and to decide which requests should be permitted.<br></span><div><br></div><span>Identity and access management (IAM) is boundary security in the public cloud. It must be treated as the foundation of any secure and fully compliant public cloud architecture.&nbsp;</span><br></div>",
        "System.AssignedTo": null,
        "Microsoft.VSTS.Scheduling.RemainingWork": 0.0,
        "Microsoft.VSTS.Common.Priority": 2.0,
        "System.BoardLane": null,
        "System.Tags": "IAM; Ready",
        "Microsoft.VSTS.TCM.Steps": null,
        "Microsoft.VSTS.TCM.Parameters": null,
        "Microsoft.VSTS.TCM.LocalDataSource": null,
        "Microsoft.VSTS.TCM.AutomationStatus": null,
        "System.History": null
      },
      "relations": [
        {
          "rel": "System.LinkTypes.Hierarchy-Forward",
          "url": "https://dev.azure.com/dummy/_apis/wit/workItems/6496",
          "attributes": {
            "isLocked": "false",
            "name": "Child"
          }
        },
        {
          "rel": "System.LinkTypes.Hierarchy-Forward",
          "url": "https://dev.azure.com/dummy/_apis/wit/workItems/6502",
          "attributes": {
            "isLocked": "false",
            "name": "Child"
          }
        },
        {
          "rel": "System.LinkTypes.Hierarchy-Forward",
          "url": "https://dev.azure.com/dummy/_apis/wit/workItems/6491",
          "attributes": {
            "isLocked": "false",
            "name": "Child"
          }
        },
        {
          "rel": "System.LinkTypes.Hierarchy-Forward",
          "url": "https://dev.azure.com/dummy/_apis/wit/workItems/6498",
          "attributes": {
            "isLocked": "false",
            "name": "Child"
          }
        },
        {
          "rel": "System.LinkTypes.Hierarchy-Forward",
          "url": "https://dev.azure.com/dummy/_apis/wit/workItems/6499",
          "attributes": {
            "isLocked": "false",
            "name": "Child"
          }
        },
        {
          "rel": "System.LinkTypes.Hierarchy-Forward",
          "url": "https://dev.azure.com/dummy/_apis/wit/workItems/6495",
          "attributes": {
            "isLocked": "false",
            "name": "Child"
          }
        },
        {
          "rel": "System.LinkTypes.Hierarchy-Forward",
          "url": "https://dev.azure.com/dummy/_apis/wit/workItems/6507",
          "attributes": {
            "isLocked": "false",
            "name": "Child"
          }
        },
        {
          "rel": "System.LinkTypes.Hierarchy-Forward",
          "url": "https://dev.azure.com/dummy/_apis/wit/workItems/6505",
          "attributes": {
            "isLocked": "false",
            "name": "Child"
          }
        },
        {
          "rel": "System.LinkTypes.Hierarchy-Reverse",
          "url": "https://dev.azure.com/dummy/_apis/wit/workItems/475",
          "attributes": {
            "isLocked": "false",
            "name": "Parent"
          }
        },
        {
          "rel": "System.LinkTypes.Hierarchy-Forward",
          "url": "https://dev.azure.com/dummy/_apis/wit/workItems/6490",
          "attributes": {
            "isLocked": "false",
            "name": "Child"
          }
        }
      ],
      "url": "https://dev.azure.com/dummy/_apis/wit/workItems/6489"
    },
    {
      "id": 6509,
      "rev": 6,
      "fields": {
        "System.AreaPath": "Azure Cloud Adoption",
        "System.TeamProject": "Azure Cloud Adoption",
        "System.IterationPath": "$ProjectName$\\Iteration 1",
        "System.WorkItemType": "Feature",
        "System.State": "New",
        "System.Reason": "New",
        "System.CreatedDate": "2021-03-29T14:13:45.67Z",
        "System.CreatedBy": "",
        "System.ChangedDate": "2021-03-29T18:42:16.663Z",
        "System.ChangedBy": "",
        "System.Title": "Best Practices Management Group and Subscription Organization",
        "Microsoft.VSTS.Scheduling.Effort": 0.0,
        "System.Description": null,
        "System.AssignedTo": null,
        "Microsoft.VSTS.Scheduling.RemainingWork": 0.0,
        "Microsoft.VSTS.Common.Priority": 2.0,
        "System.BoardLane": null,
        "System.Tags": "Mng Grp & Subscriptions; Ready",
        "Microsoft.VSTS.TCM.Steps": null,
        "Microsoft.VSTS.TCM.Parameters": null,
        "Microsoft.VSTS.TCM.LocalDataSource": null,
        "Microsoft.VSTS.TCM.AutomationStatus": null,
        "System.History": null
      },
      "relations": [
        {
          "rel": "System.LinkTypes.Hierarchy-Forward",
          "url": "https://dev.azure.com/dummy/_apis/wit/workItems/6520",
          "attributes": {
            "isLocked": "false",
            "name": "Child"
          }
        },
        {
          "rel": "System.LinkTypes.Hierarchy-Reverse",
          "url": "https://dev.azure.com/dummy/_apis/wit/workItems/475",
          "attributes": {
            "isLocked": "false",
            "name": "Parent"
          }
        },
        {
          "rel": "System.LinkTypes.Hierarchy-Forward",
          "url": "https://dev.azure.com/dummy/_apis/wit/workItems/6518",
          "attributes": {
            "isLocked": "false",
            "name": "Child"
          }
        },
        {
          "rel": "System.LinkTypes.Hierarchy-Forward",
          "url": "https://dev.azure.com/dummy/_apis/wit/workItems/6519",
          "attributes": {
            "isLocked": "false",
            "name": "Child"
          }
        },
        {
          "rel": "System.LinkTypes.Hierarchy-Forward",
          "url": "https://dev.azure.com/dummy/_apis/wit/workItems/6515",
          "attributes": {
            "isLocked": "false",
            "name": "Child"
          }
        },
        {
          "rel": "System.LinkTypes.Hierarchy-Forward",
          "url": "https://dev.azure.com/dummy/_apis/wit/workItems/6510",
          "attributes": {
            "isLocked": "false",
            "name": "Child"
          }
        }
      ],
      "url": "https://dev.azure.com/dummy/_apis/wit/workItems/6509"
    },
    {
      "id": 6521,
      "rev": 3,
      "fields": {
        "System.AreaPath": "Azure Cloud Adoption",
        "System.TeamProject": "Azure Cloud Adoption",
        "System.IterationPath": "$ProjectName$\\Iteration 3",
        "System.WorkItemType": "Feature",
        "System.State": "New",
        "System.Reason": "New",
        "System.CreatedDate": "2021-03-29T16:05:54.987Z",
        "System.CreatedBy": "",
        "System.ChangedDate": "2021-03-29T18:43:26.563Z",
        "System.ChangedBy": "",
        "System.Title": "Best Practice Network Topology and Connectivity Implementation",
        "Microsoft.VSTS.Scheduling.Effort": 0.0,
        "System.Description": "<div>Implement&nbsp;considerations and best practices surrounding networking and connectivity to, from, and within Microsoft Azure.</div>",
        "System.AssignedTo": null,
        "Microsoft.VSTS.Scheduling.RemainingWork": 0.0,
        "Microsoft.VSTS.Common.Priority": 2.0,
        "System.BoardLane": null,
        "System.Tags": "Network; Ready",
        "Microsoft.VSTS.TCM.Steps": null,
        "Microsoft.VSTS.TCM.Parameters": null,
        "Microsoft.VSTS.TCM.LocalDataSource": null,
        "Microsoft.VSTS.TCM.AutomationStatus": null,
        "System.History": null
      },
      "relations": [
        {
          "rel": "System.LinkTypes.Hierarchy-Forward",
          "url": "https://dev.azure.com/dummy/_apis/wit/workItems/6523",
          "attributes": {
            "isLocked": "false",
            "name": "Child"
          }
        },
        {
          "rel": "System.LinkTypes.Hierarchy-Forward",
          "url": "https://dev.azure.com/dummy/_apis/wit/workItems/6535",
          "attributes": {
            "isLocked": "false",
            "name": "Child"
          }
        },
        {
          "rel": "System.LinkTypes.Hierarchy-Forward",
          "url": "https://dev.azure.com/dummy/_apis/wit/workItems/6529",
          "attributes": {
            "isLocked": "false",
            "name": "Child"
          }
        },
        {
          "rel": "System.LinkTypes.Hierarchy-Forward",
          "url": "https://dev.azure.com/dummy/_apis/wit/workItems/6539",
          "attributes": {
            "isLocked": "false",
            "name": "Child"
          }
        },
        {
          "rel": "System.LinkTypes.Hierarchy-Forward",
          "url": "https://dev.azure.com/dummy/_apis/wit/workItems/6527",
          "attributes": {
            "isLocked": "false",
            "name": "Child"
          }
        },
        {
          "rel": "System.LinkTypes.Hierarchy-Forward",
          "url": "https://dev.azure.com/dummy/_apis/wit/workItems/6536",
          "attributes": {
            "isLocked": "false",
            "name": "Child"
          }
        },
        {
          "rel": "System.LinkTypes.Hierarchy-Forward",
          "url": "https://dev.azure.com/dummy/_apis/wit/workItems/6533",
          "attributes": {
            "isLocked": "false",
            "name": "Child"
          }
        },
        {
          "rel": "System.LinkTypes.Hierarchy-Reverse",
          "url": "https://dev.azure.com/dummy/_apis/wit/workItems/475",
          "attributes": {
            "isLocked": "false",
            "name": "Parent"
          }
        },
        {
          "rel": "System.LinkTypes.Hierarchy-Forward",
          "url": "https://dev.azure.com/dummy/_apis/wit/workItems/6531",
          "attributes": {
            "isLocked": "false",
            "name": "Child"
          }
        },
        {
          "rel": "System.LinkTypes.Hierarchy-Forward",
          "url": "https://dev.azure.com/dummy/_apis/wit/workItems/6522",
          "attributes": {
            "isLocked": "false",
            "name": "Child"
          }
        },
        {
          "rel": "System.LinkTypes.Hierarchy-Forward",
          "url": "https://dev.azure.com/dummy/_apis/wit/workItems/6532",
          "attributes": {
            "isLocked": "false",
            "name": "Child"
          }
        },
        {
          "rel": "System.LinkTypes.Hierarchy-Forward",
          "url": "https://dev.azure.com/dummy/_apis/wit/workItems/6534",
          "attributes": {
            "isLocked": "false",
            "name": "Child"
          }
        },
        {
          "rel": "System.LinkTypes.Hierarchy-Forward",
          "url": "https://dev.azure.com/dummy/_apis/wit/workItems/6528",
          "attributes": {
            "isLocked": "false",
            "name": "Child"
          }
        }
      ],
      "url": "https://dev.azure.com/dummy/_apis/wit/workItems/6521"
    },
    {
      "id": 6540,
      "rev": 2,
      "fields": {
        "System.AreaPath": "Azure Cloud Adoption",
        "System.TeamProject": "Azure Cloud Adoption",
        "System.IterationPath": "$ProjectName$\\Iteration 1",
        "System.WorkItemType": "Feature",
        "System.State": "New",
        "System.Reason": "New",
        "System.CreatedDate": "2021-03-29T16:38:52.63Z",
        "System.CreatedBy": "",
        "System.ChangedDate": "2021-03-29T18:43:26.563Z",
        "System.ChangedBy": "",
        "System.Title": "Best Practices Management and Monitoring implementation",
        "Microsoft.VSTS.Scheduling.Effort": 0.0,
        "System.Description": "<div>Operationally maintain an Azure enterprise estate with centralized management and monitoring at a platform level. More specifically, it presents key recommendations for central teams to maintain operational visibility within a large-scale Azure platform.<br></div>",
        "System.AssignedTo": null,
        "Microsoft.VSTS.Scheduling.RemainingWork": 0.0,
        "Microsoft.VSTS.Common.Priority": 2.0,
        "System.BoardLane": null,
        "System.Tags": "Monitoring; Ready",
        "Microsoft.VSTS.TCM.Steps": null,
        "Microsoft.VSTS.TCM.Parameters": null,
        "Microsoft.VSTS.TCM.LocalDataSource": null,
        "Microsoft.VSTS.TCM.AutomationStatus": null,
        "System.History": null
      },
      "relations": [
        {
          "rel": "System.LinkTypes.Hierarchy-Forward",
          "url": "https://dev.azure.com/dummy/_apis/wit/workItems/6548",
          "attributes": {
            "isLocked": "false",
            "name": "Child"
          }
        },
        {
          "rel": "System.LinkTypes.Hierarchy-Forward",
          "url": "https://dev.azure.com/dummy/_apis/wit/workItems/6543",
          "attributes": {
            "isLocked": "false",
            "name": "Child"
          }
        },
        {
          "rel": "System.LinkTypes.Hierarchy-Forward",
          "url": "https://dev.azure.com/dummy/_apis/wit/workItems/6544",
          "attributes": {
            "isLocked": "false",
            "name": "Child"
          }
        },
        {
          "rel": "System.LinkTypes.Hierarchy-Forward",
          "url": "https://dev.azure.com/dummy/_apis/wit/workItems/6546",
          "attributes": {
            "isLocked": "false",
            "name": "Child"
          }
        },
        {
          "rel": "System.LinkTypes.Hierarchy-Forward",
          "url": "https://dev.azure.com/dummy/_apis/wit/workItems/6541",
          "attributes": {
            "isLocked": "false",
            "name": "Child"
          }
        },
        {
          "rel": "System.LinkTypes.Hierarchy-Forward",
          "url": "https://dev.azure.com/dummy/_apis/wit/workItems/6547",
          "attributes": {
            "isLocked": "false",
            "name": "Child"
          }
        },
        {
          "rel": "System.LinkTypes.Hierarchy-Forward",
          "url": "https://dev.azure.com/dummy/_apis/wit/workItems/6542",
          "attributes": {
            "isLocked": "false",
            "name": "Child"
          }
        },
        {
          "rel": "System.LinkTypes.Hierarchy-Forward",
          "url": "https://dev.azure.com/dummy/_apis/wit/workItems/6545",
          "attributes": {
            "isLocked": "false",
            "name": "Child"
          }
        },
        {
          "rel": "System.LinkTypes.Hierarchy-Forward",
          "url": "https://dev.azure.com/dummy/_apis/wit/workItems/6549",
          "attributes": {
            "isLocked": "false",
            "name": "Child"
          }
        },
        {
          "rel": "System.LinkTypes.Hierarchy-Reverse",
          "url": "https://dev.azure.com/dummy/_apis/wit/workItems/475",
          "attributes": {
            "isLocked": "false",
            "name": "Parent"
          }
        }
      ],
      "url": "https://dev.azure.com/dummy/_apis/wit/workItems/6540"
    },
    {
      "id": 6554,
      "rev": 4,
      "fields": {
        "System.AreaPath": "Azure Cloud Adoption",
        "System.TeamProject": "Azure Cloud Adoption",
        "System.IterationPath": "$ProjectName$\\Iteration 1",
        "System.WorkItemType": "Feature",
        "System.State": "New",
        "System.Reason": "New",
        "System.CreatedDate": "2021-03-29T18:26:58.26Z",
        "System.CreatedBy": "",
        "System.ChangedDate": "2021-03-29T18:43:26.563Z",
        "System.ChangedBy": "",
        "System.Title": "Best Practice Security, Governance and Compliance",
        "Microsoft.VSTS.Scheduling.Effort": 0.0,
        "System.Description": "<div>Defining encryption and key management, planning for governance, defining security monitoring and an audit policy, and planning for platform security.&nbsp;</div><div>Provide the framework to assess enterprise security readiness of Azure services.<br></div>",
        "System.AssignedTo": null,
        "Microsoft.VSTS.Scheduling.RemainingWork": 0.0,
        "Microsoft.VSTS.Common.Priority": 2.0,
        "System.BoardLane": null,
        "System.Tags": "Ready; Security&Compliance",
        "Microsoft.VSTS.TCM.Steps": null,
        "Microsoft.VSTS.TCM.Parameters": null,
        "Microsoft.VSTS.TCM.LocalDataSource": null,
        "Microsoft.VSTS.TCM.AutomationStatus": null,
        "System.History": null
      },
      "relations": [
        {
          "rel": "System.LinkTypes.Hierarchy-Forward",
          "url": "https://dev.azure.com/dummy/_apis/wit/workItems/6562",
          "attributes": {
            "isLocked": "false",
            "name": "Child"
          }
        },
        {
          "rel": "System.LinkTypes.Hierarchy-Forward",
          "url": "https://dev.azure.com/dummy/_apis/wit/workItems/6556",
          "attributes": {
            "isLocked": "false",
            "name": "Child"
          }
        },
        {
          "rel": "System.LinkTypes.Hierarchy-Forward",
          "url": "https://dev.azure.com/dummy/_apis/wit/workItems/6559",
          "attributes": {
            "isLocked": "false",
            "name": "Child"
          }
        },
        {
          "rel": "System.LinkTypes.Hierarchy-Forward",
          "url": "https://dev.azure.com/dummy/_apis/wit/workItems/6568",
          "attributes": {
            "isLocked": "false",
            "name": "Child"
          }
        },
        {
          "rel": "System.LinkTypes.Hierarchy-Forward",
          "url": "https://dev.azure.com/dummy/_apis/wit/workItems/6565",
          "attributes": {
            "isLocked": "false",
            "name": "Child"
          }
        },
        {
          "rel": "System.LinkTypes.Hierarchy-Forward",
          "url": "https://dev.azure.com/dummy/_apis/wit/workItems/6561",
          "attributes": {
            "isLocked": "false",
            "name": "Child"
          }
        },
        {
          "rel": "System.LinkTypes.Hierarchy-Forward",
          "url": "https://dev.azure.com/dummy/_apis/wit/workItems/6557",
          "attributes": {
            "isLocked": "false",
            "name": "Child"
          }
        },
        {
          "rel": "System.LinkTypes.Hierarchy-Forward",
          "url": "https://dev.azure.com/dummy/_apis/wit/workItems/6555",
          "attributes": {
            "isLocked": "false",
            "name": "Child"
          }
        },
        {
          "rel": "System.LinkTypes.Hierarchy-Forward",
          "url": "https://dev.azure.com/dummy/_apis/wit/workItems/6558",
          "attributes": {
            "isLocked": "false",
            "name": "Child"
          }
        },
        {
          "rel": "System.LinkTypes.Hierarchy-Forward",
          "url": "https://dev.azure.com/dummy/_apis/wit/workItems/6566",
          "attributes": {
            "isLocked": "false",
            "name": "Child"
          }
        },
        {
          "rel": "System.LinkTypes.Hierarchy-Reverse",
          "url": "https://dev.azure.com/dummy/_apis/wit/workItems/475",
          "attributes": {
            "isLocked": "false",
            "name": "Parent"
          }
        },
        {
          "rel": "System.LinkTypes.Hierarchy-Forward",
          "url": "https://dev.azure.com/dummy/_apis/wit/workItems/6571",
          "attributes": {
            "isLocked": "false",
            "name": "Child"
          }
        },
        {
          "rel": "System.LinkTypes.Hierarchy-Forward",
          "url": "https://dev.azure.com/dummy/_apis/wit/workItems/6572",
          "attributes": {
            "isLocked": "false",
            "name": "Child"
          }
        },
        {
          "rel": "System.LinkTypes.Hierarchy-Forward",
          "url": "https://dev.azure.com/dummy/_apis/wit/workItems/6570",
          "attributes": {
            "isLocked": "false",
            "name": "Child"
          }
        },
        {
          "rel": "System.LinkTypes.Hierarchy-Forward",
          "url": "https://dev.azure.com/dummy/_apis/wit/workItems/6563",
          "attributes": {
            "isLocked": "false",
            "name": "Child"
          }
        },
        {
          "rel": "System.LinkTypes.Hierarchy-Forward",
          "url": "https://dev.azure.com/dummy/_apis/wit/workItems/6560",
          "attributes": {
            "isLocked": "false",
            "name": "Child"
          }
        },
        {
          "rel": "System.LinkTypes.Hierarchy-Forward",
          "url": "https://dev.azure.com/dummy/_apis/wit/workItems/6567",
          "attributes": {
            "isLocked": "false",
            "name": "Child"
          }
        },
        {
          "rel": "System.LinkTypes.Hierarchy-Forward",
          "url": "https://dev.azure.com/dummy/_apis/wit/workItems/6564",
          "attributes": {
            "isLocked": "false",
            "name": "Child"
          }
        },
        {
          "rel": "System.LinkTypes.Hierarchy-Forward",
          "url": "https://dev.azure.com/dummy/_apis/wit/workItems/6569",
          "attributes": {
            "isLocked": "false",
            "name": "Child"
          }
        }
      ],
      "url": "https://dev.azure.com/dummy/_apis/wit/workItems/6554"
    },
    {
      "id": 6550,
      "rev": 5,
      "fields": {
        "System.AreaPath": "Azure Cloud Adoption",
        "System.TeamProject": "Azure Cloud Adoption",
        "System.IterationPath": "$ProjectName$\\Iteration 1",
        "System.WorkItemType": "Feature",
        "System.State": "New",
        "System.Reason": "New",
        "System.CreatedDate": "2021-03-29T18:23:55.47Z",
        "System.CreatedBy": "",
        "System.ChangedDate": "2021-03-30T08:59:02.99Z",
        "System.ChangedBy": "",
        "System.Title": "Best Practice Business Continuity and Disaster Recovery implementation",
        "Microsoft.VSTS.Scheduling.Effort": 0.0,
        "System.Description": "<div>Workloads have requirements pertaining to recover time objective (RTO) and recovery point objective (RPO). Be sure that you capture disaster recovery (DR) requirements in order to design capabilities appropriately for these workloads.<br></div><div><br></div><div>Use this feature to document architecture decisions that can be used by workloads based on their RTO and RPO requirements.</div>",
        "System.AssignedTo": null,
        "Microsoft.VSTS.Scheduling.RemainingWork": 0.0,
        "Microsoft.VSTS.Common.Priority": 2.0,
        "System.BoardLane": null,
        "System.Tags": "BCDR",
        "Microsoft.VSTS.TCM.Steps": null,
        "Microsoft.VSTS.TCM.Parameters": null,
        "Microsoft.VSTS.TCM.LocalDataSource": null,
        "Microsoft.VSTS.TCM.AutomationStatus": null,
        "System.History": null
      },
      "relations": [
        {
          "rel": "System.LinkTypes.Hierarchy-Forward",
          "url": "https://dev.azure.com/dummy/_apis/wit/workItems/6551",
          "attributes": {
            "isLocked": "false",
            "name": "Child"
          }
        },
        {
          "rel": "System.LinkTypes.Hierarchy-Forward",
          "url": "https://dev.azure.com/dummy/_apis/wit/workItems/6552",
          "attributes": {
            "isLocked": "false",
            "name": "Child"
          }
        },
        {
          "rel": "System.LinkTypes.Hierarchy-Reverse",
          "url": "https://dev.azure.com/dummy/_apis/wit/workItems/475",
          "attributes": {
            "isLocked": "false",
            "name": "Parent"
          }
        },
        {
          "rel": "System.LinkTypes.Hierarchy-Forward",
          "url": "https://dev.azure.com/dummy/_apis/wit/workItems/6553",
          "attributes": {
            "isLocked": "false",
            "name": "Child"
          }
        }
      ],
      "url": "https://dev.azure.com/dummy/_apis/wit/workItems/6550"
    },
    {
      "id": 6573,
      "rev": 5,
      "fields": {
        "System.AreaPath": "Azure Cloud Adoption",
        "System.TeamProject": "Azure Cloud Adoption",
        "System.IterationPath": "$ProjectName$\\Iteration 3",
        "System.WorkItemType": "Feature",
        "System.State": "New",
        "System.Reason": "New",
        "System.CreatedDate": "2021-03-30T05:29:20.16Z",
        "System.CreatedBy": "",
        "System.ChangedDate": "2021-03-30T05:32:22.103Z",
        "System.ChangedBy": "",
        "System.Title": "Best Practice Platform Automation and DevOps",
        "Microsoft.VSTS.Scheduling.Effort": 0.0,
        "System.Description": "<div>Use a DevOps approach for both application and central teams. Create teams, roles and responsibilities, culture, tools, etc for establishing a DevOps approach.<br></div>",
        "System.AssignedTo": null,
        "Microsoft.VSTS.Scheduling.RemainingWork": 0.0,
        "Microsoft.VSTS.Common.Priority": 2.0,
        "System.BoardLane": null,
        "System.Tags": "DevOps; Ready",
        "Microsoft.VSTS.TCM.Steps": null,
        "Microsoft.VSTS.TCM.Parameters": null,
        "Microsoft.VSTS.TCM.LocalDataSource": null,
        "Microsoft.VSTS.TCM.AutomationStatus": null,
        "System.History": null
      },
      "relations": [
        {
          "rel": "System.LinkTypes.Hierarchy-Forward",
          "url": "https://dev.azure.com/dummy/_apis/wit/workItems/6577",
          "attributes": {
            "isLocked": "false",
            "name": "Child"
          }
        },
        {
          "rel": "System.LinkTypes.Hierarchy-Forward",
          "url": "https://dev.azure.com/dummy/_apis/wit/workItems/6576",
          "attributes": {
            "isLocked": "false",
            "name": "Child"
          }
        },
        {
          "rel": "System.LinkTypes.Hierarchy-Forward",
          "url": "https://dev.azure.com/dummy/_apis/wit/workItems/6575",
          "attributes": {
            "isLocked": "false",
            "name": "Child"
          }
        },
        {
          "rel": "System.LinkTypes.Hierarchy-Reverse",
          "url": "https://dev.azure.com/dummy/_apis/wit/workItems/475",
          "attributes": {
            "isLocked": "false",
            "name": "Parent"
          }
        },
        {
          "rel": "System.LinkTypes.Hierarchy-Forward",
          "url": "https://dev.azure.com/dummy/_apis/wit/workItems/6574",
          "attributes": {
            "isLocked": "false",
            "name": "Child"
          }
        },
        {
          "rel": "System.LinkTypes.Hierarchy-Forward",
          "url": "https://dev.azure.com/dummy/_apis/wit/workItems/6581",
          "attributes": {
            "isLocked": "false",
            "name": "Child"
          }
        },
        {
          "rel": "System.LinkTypes.Hierarchy-Forward",
          "url": "https://dev.azure.com/dummy/_apis/wit/workItems/6580",
          "attributes": {
            "isLocked": "false",
            "name": "Child"
          }
        },
        {
          "rel": "System.LinkTypes.Hierarchy-Forward",
          "url": "https://dev.azure.com/dummy/_apis/wit/workItems/6579",
          "attributes": {
            "isLocked": "false",
            "name": "Child"
          }
        },
        {
          "rel": "System.LinkTypes.Hierarchy-Forward",
          "url": "https://dev.azure.com/dummy/_apis/wit/workItems/6578",
          "attributes": {
            "isLocked": "false",
            "name": "Child"
          }
        }
      ],
      "url": "https://dev.azure.com/dummy/_apis/wit/workItems/6573"
    },
    {
      "id": 6476,
      "rev": 5,
      "fields": {
        "System.AreaPath": "Azure Cloud Adoption",
        "System.TeamProject": "Azure Cloud Adoption",
        "System.IterationPath": "Azure Cloud Adoption",
        "System.WorkItemType": "Feature",
        "System.State": "New",
        "System.Reason": "New",
        "System.CreatedDate": "2021-03-29T12:00:22.693Z",
        "System.CreatedBy": "",
        "System.ChangedDate": "2021-03-30T06:21:41.66Z",
        "System.ChangedBy": "",
        "System.Title": "Improve the initial landing zone",
        "Microsoft.VSTS.Scheduling.Effort": 0.0,
        "System.Description": null,
        "System.AssignedTo": null,
        "Microsoft.VSTS.Scheduling.RemainingWork": 0.0,
        "Microsoft.VSTS.Common.Priority": 2.0,
        "System.BoardLane": null,
        "System.Tags": "Improve",
        "Microsoft.VSTS.TCM.Steps": null,
        "Microsoft.VSTS.TCM.Parameters": null,
        "Microsoft.VSTS.TCM.LocalDataSource": null,
        "Microsoft.VSTS.TCM.AutomationStatus": null,
        "System.History": null
      },
      "relations": [
        {
          "rel": "System.LinkTypes.Hierarchy-Reverse",
          "url": "https://dev.azure.com/dummy/_apis/wit/workItems/475",
          "attributes": {
            "isLocked": "false",
            "name": "Parent"
          }
        },
        {
          "rel": "System.LinkTypes.Hierarchy-Forward",
          "url": "https://dev.azure.com/dummy/_apis/wit/workItems/6586",
          "attributes": {
            "isLocked": "false",
            "name": "Child"
          }
        },
        {
          "rel": "System.LinkTypes.Hierarchy-Forward",
          "url": "https://dev.azure.com/dummy/_apis/wit/workItems/6585",
          "attributes": {
            "isLocked": "false",
            "name": "Child"
          }
        },
        {
          "rel": "System.LinkTypes.Hierarchy-Forward",
          "url": "https://dev.azure.com/dummy/_apis/wit/workItems/6654",
          "attributes": {
            "isLocked": "false",
            "name": "Child"
          }
        },
        {
          "rel": "System.LinkTypes.Hierarchy-Forward",
          "url": "https://dev.azure.com/dummy/_apis/wit/workItems/6652",
          "attributes": {
            "isLocked": "false",
            "name": "Child"
          }
        },
        {
          "rel": "System.LinkTypes.Hierarchy-Forward",
          "url": "https://dev.azure.com/dummy/_apis/wit/workItems/6584",
          "attributes": {
            "isLocked": "false",
            "name": "Child"
          }
        },
        {
          "rel": "System.LinkTypes.Hierarchy-Forward",
          "url": "https://dev.azure.com/dummy/_apis/wit/workItems/6582",
          "attributes": {
            "isLocked": "false",
            "name": "Child"
          }
        },
        {
          "rel": "System.LinkTypes.Hierarchy-Forward",
          "url": "https://dev.azure.com/dummy/_apis/wit/workItems/6636",
          "attributes": {
            "isLocked": "false",
            "name": "Child"
          }
        },
        {
          "rel": "System.LinkTypes.Hierarchy-Forward",
          "url": "https://dev.azure.com/dummy/_apis/wit/workItems/6583",
          "attributes": {
            "isLocked": "false",
            "name": "Child"
          }
        }
      ],
      "url": "https://dev.azure.com/dummy/_apis/wit/workItems/6476"
    },
    {
      "id": 478,
      "rev": 7,
      "fields": {
        "System.AreaPath": "Azure Cloud Adoption",
        "System.TeamProject": "Azure Cloud Adoption",
        "System.IterationPath": "Azure Cloud Adoption",
        "System.WorkItemType": "Feature",
        "System.State": "New",
        "System.Reason": "New",
        "System.CreatedDate": "2020-02-06T07:49:30.857Z",
        "System.CreatedBy": "",
        "System.ChangedDate": "2021-03-30T10:25:30.21Z",
        "System.ChangedBy": "",
        "System.Title": "First new Workload Sample",
        "Microsoft.VSTS.Scheduling.Effort": 0.0,
        "System.Description": "<div>Migrate the first workload to learn and refine your processes.</div>",
        "System.AssignedTo": null,
        "Microsoft.VSTS.Scheduling.RemainingWork": 0.0,
        "Microsoft.VSTS.Common.Priority": 2.0,
        "System.BoardLane": null,
        "System.Tags": "First Workload",
        "Microsoft.VSTS.TCM.Steps": null,
        "Microsoft.VSTS.TCM.Parameters": null,
        "Microsoft.VSTS.TCM.LocalDataSource": null,
        "Microsoft.VSTS.TCM.AutomationStatus": null,
        "System.History": null
      },
      "relations": [
        {
          "rel": "System.LinkTypes.Hierarchy-Forward",
          "url": "https://dev.azure.com/dummy/_apis/wit/workItems/6629",
          "attributes": {
            "isLocked": "false",
            "name": "Child"
          }
        },
        {
          "rel": "System.LinkTypes.Hierarchy-Reverse",
          "url": "https://dev.azure.com/dummy/_apis/wit/workItems/6480",
          "attributes": {
            "isLocked": "false",
            "name": "Parent"
          }
        },
        {
          "rel": "System.LinkTypes.Hierarchy-Forward",
          "url": "https://dev.azure.com/dummy/_apis/wit/workItems/6635",
          "attributes": {
            "isLocked": "false",
            "name": "Child"
          }
        },
        {
          "rel": "System.LinkTypes.Hierarchy-Forward",
          "url": "https://dev.azure.com/dummy/_apis/wit/workItems/6631",
          "attributes": {
            "isLocked": "false",
            "name": "Child"
          }
        },
        {
          "rel": "System.LinkTypes.Hierarchy-Forward",
          "url": "https://dev.azure.com/dummy/_apis/wit/workItems/6645",
          "attributes": {
            "isLocked": "false",
            "name": "Child"
          }
        },
        {
          "rel": "System.LinkTypes.Hierarchy-Forward",
          "url": "https://dev.azure.com/dummy/_apis/wit/workItems/6644",
          "attributes": {
            "isLocked": "false",
            "name": "Child"
          }
        },
        {
          "rel": "System.LinkTypes.Hierarchy-Forward",
          "url": "https://dev.azure.com/dummy/_apis/wit/workItems/6634",
          "attributes": {
            "isLocked": "false",
            "name": "Child"
          }
        },
        {
          "rel": "System.LinkTypes.Hierarchy-Forward",
          "url": "https://dev.azure.com/dummy/_apis/wit/workItems/6630",
          "attributes": {
            "isLocked": "false",
            "name": "Child"
          }
        }
      ],
      "url": "https://dev.azure.com/dummy/_apis/wit/workItems/478"
    },
    {
      "id": 480,
      "rev": 8,
      "fields": {
        "System.AreaPath": "Azure Cloud Adoption",
        "System.TeamProject": "Azure Cloud Adoption",
        "System.IterationPath": "Azure Cloud Adoption",
        "System.WorkItemType": "Feature",
        "System.State": "New",
        "System.Reason": "New",
        "System.CreatedDate": "2020-02-06T07:49:31.4Z",
        "System.CreatedBy": "",
        "System.ChangedDate": "2021-03-30T11:56:57.927Z",
        "System.ChangedBy": "",
        "System.Title": "Migration sample",
        "Microsoft.VSTS.Scheduling.Effort": 0.0,
        "System.Description": "<div>Create process of new workload</div>",
        "System.AssignedTo": null,
        "Microsoft.VSTS.Scheduling.RemainingWork": 0.0,
        "Microsoft.VSTS.Common.Priority": 1.0,
        "System.BoardLane": null,
        "System.Tags": "Migrate VM Workload",
        "Microsoft.VSTS.TCM.Steps": null,
        "Microsoft.VSTS.TCM.Parameters": null,
        "Microsoft.VSTS.TCM.LocalDataSource": null,
        "Microsoft.VSTS.TCM.AutomationStatus": null,
        "System.History": null
      },
      "relations": [
        {
          "rel": "System.LinkTypes.Hierarchy-Forward",
          "url": "https://dev.azure.com/dummy/_apis/wit/workItems/544",
          "attributes": {
            "isLocked": "false",
            "comment": "Making a new link for the dependency",
            "name": "Child"
          }
        },
        {
          "rel": "System.LinkTypes.Hierarchy-Forward",
          "url": "https://dev.azure.com/dummy/_apis/wit/workItems/547",
          "attributes": {
            "isLocked": "false",
            "comment": "Making a new link for the dependency",
            "name": "Child"
          }
        },
        {
          "rel": "System.LinkTypes.Hierarchy-Forward",
          "url": "https://dev.azure.com/dummy/_apis/wit/workItems/543",
          "attributes": {
            "isLocked": "false",
            "comment": "Making a new link for the dependency",
            "name": "Child"
          }
        },
        {
          "rel": "System.LinkTypes.Hierarchy-Forward",
          "url": "https://dev.azure.com/dummy/_apis/wit/workItems/548",
          "attributes": {
            "isLocked": "false",
            "comment": "Making a new link for the dependency",
            "name": "Child"
          }
        },
        {
          "rel": "System.LinkTypes.Hierarchy-Reverse",
          "url": "https://dev.azure.com/dummy/_apis/wit/workItems/6480",
          "attributes": {
            "isLocked": "false",
            "name": "Parent"
          }
        },
        {
          "rel": "System.LinkTypes.Hierarchy-Forward",
          "url": "https://dev.azure.com/dummy/_apis/wit/workItems/549",
          "attributes": {
            "isLocked": "false",
            "comment": "Making a new link for the dependency",
            "name": "Child"
          }
        }
      ],
      "url": "https://dev.azure.com/dummy/_apis/wit/workItems/480"
    }
  ],
  "HttpStatusCode": 0,
  "Message": null
}