{
  "count": 47,
  "value": [
    {
      "id": 6657,
      "rev": 1,
      "fields": {
        "System.AreaPath": "Azure Cloud Adoption",
        "System.TeamProject": "Azure Cloud Adoption",
        "System.IterationPath": "Azure Cloud Adoption",
        "System.WorkItemType": "Task",
        "System.State": "New",
        "System.Reason": "New",
        "System.CreatedDate": "2021-03-30T11:56:20.427Z",
        "System.CreatedBy": "",
        "System.ChangedDate": "2021-03-30T11:56:20.427Z",
        "System.ChangedBy": "",
        "System.Title": "Test Migrate workload",
        "Microsoft.VSTS.Scheduling.Effort": 0.0,
        "System.Description": null,
        "System.AssignedTo": null,
        "Microsoft.VSTS.Scheduling.RemainingWork": 0.0,
        "Microsoft.VSTS.Common.Priority": 2.0,
        "System.BoardLane": null,
        "System.Tags": "Migrate VM Workload",
        "Microsoft.VSTS.TCM.Steps": null,
        "Microsoft.VSTS.TCM.Parameters": null,
        "Microsoft.VSTS.TCM.LocalDataSource": null,
        "Microsoft.VSTS.TCM.AutomationStatus": null,
        "System.History": null
      },
      "relations": [
        {
          "rel": "System.LinkTypes.Hierarchy-Reverse",
          "url": "https://dev.azure.com/dummy/_apis/wit/workItems/544",
          "attributes": {
            "isLocked": "false",
            "name": "Parent"
          }
        }
      ],
      "url": "https://dev.azure.com/dummy/_apis/wit/workItems/6657"
    },
    {
      "id": 6656,
      "rev": 3,
      "fields": {
        "System.AreaPath": "Azure Cloud Adoption",
        "System.TeamProject": "Azure Cloud Adoption",
        "System.IterationPath": "Azure Cloud Adoption",
        "System.WorkItemType": "Task",
        "System.State": "New",
        "System.Reason": "New",
        "System.CreatedDate": "2021-03-30T11:55:43.787Z",
        "System.CreatedBy": "",
        "System.ChangedDate": "2021-03-30T11:59:30.253Z",
        "System.ChangedBy": "",
        "System.Title": "Validate Sizing, Network, FW Rules etc",
        "Microsoft.VSTS.Scheduling.Effort": 0.0,
        "System.Description": null,
        "System.AssignedTo": null,
        "Microsoft.VSTS.Scheduling.RemainingWork": 0.0,
        "Microsoft.VSTS.Common.Priority": 2.0,
        "System.BoardLane": null,
        "System.Tags": "Migrate VM Workload",
        "Microsoft.VSTS.TCM.Steps": null,
        "Microsoft.VSTS.TCM.Parameters": null,
        "Microsoft.VSTS.TCM.LocalDataSource": null,
        "Microsoft.VSTS.TCM.AutomationStatus": null,
        "System.History": null
      },
      "relations": [
        {
          "rel": "System.LinkTypes.Hierarchy-Reverse",
          "url": "https://dev.azure.com/dummy/_apis/wit/workItems/544",
          "attributes": {
            "isLocked": "false",
            "name": "Parent"
          }
        }
      ],
      "url": "https://dev.azure.com/dummy/_apis/wit/workItems/6656"
    },
    {
      "id": 6655,
      "rev": 3,
      "fields": {
        "System.AreaPath": "Azure Cloud Adoption",
        "System.TeamProject": "Azure Cloud Adoption",
        "System.IterationPath": "Azure Cloud Adoption",
        "System.WorkItemType": "Task",
        "System.State": "New",
        "System.Reason": "New",
        "System.CreatedDate": "2021-03-30T11:55:14.147Z",
        "System.CreatedBy": "",
        "System.ChangedDate": "2021-03-30T11:58:59.01Z",
        "System.ChangedBy": "",
        "System.Title": "Synchronize workload",
        "Microsoft.VSTS.Scheduling.Effort": 0.0,
        "System.Description": null,
        "System.AssignedTo": null,
        "Microsoft.VSTS.Scheduling.RemainingWork": 0.0,
        "Microsoft.VSTS.Common.Priority": 2.0,
        "System.BoardLane": null,
        "System.Tags": "Migrate VM Workload",
        "Microsoft.VSTS.TCM.Steps": null,
        "Microsoft.VSTS.TCM.Parameters": null,
        "Microsoft.VSTS.TCM.LocalDataSource": null,
        "Microsoft.VSTS.TCM.AutomationStatus": null,
        "System.History": null
      },
      "relations": [
        {
          "rel": "System.LinkTypes.Hierarchy-Reverse",
          "url": "https://dev.azure.com/dummy/_apis/wit/workItems/544",
          "attributes": {
            "isLocked": "false",
            "name": "Parent"
          }
        }
      ],
      "url": "https://dev.azure.com/dummy/_apis/wit/workItems/6655"
    },
    {
      "id": 6538,
      "rev": 2,
      "fields": {
        "System.AreaPath": "Azure Cloud Adoption",
        "System.TeamProject": "Azure Cloud Adoption",
        "System.IterationPath": "$ProjectName$\\Iteration 3",
        "System.WorkItemType": "Task",
        "System.State": "New",
        "System.Reason": "New",
        "System.CreatedDate": "2021-03-29T16:24:50.773Z",
        "System.CreatedBy": "",
        "System.ChangedDate": "2021-03-29T16:28:00.113Z",
        "System.ChangedBy": "",
        "System.Title": "Enable NSG Flow Log",
        "Microsoft.VSTS.Scheduling.Effort": 0.0,
        "System.Description": "<div>Is recommended to enable NSG Flow Logs and feed them into Traffic Analytics to gain insights into internal and external traffic flows.<br></div><div><br></div><div>For security logging NSG Log Flow can be saved to storage accounts when required.</div>",
        "System.AssignedTo": null,
        "Microsoft.VSTS.Scheduling.RemainingWork": 0.0,
        "Microsoft.VSTS.Common.Priority": 2.0,
        "System.BoardLane": null,
        "System.Tags": "Network; Ready",
        "Microsoft.VSTS.TCM.Steps": null,
        "Microsoft.VSTS.TCM.Parameters": null,
        "Microsoft.VSTS.TCM.LocalDataSource": null,
        "Microsoft.VSTS.TCM.AutomationStatus": null,
        "System.History": null
      },
      "relations": [
        {
          "rel": "System.LinkTypes.Hierarchy-Reverse",
          "url": "https://dev.azure.com/dummy/_apis/wit/workItems/6535",
          "attributes": {
            "isLocked": "false",
            "name": "Parent"
          }
        }
      ],
      "url": "https://dev.azure.com/dummy/_apis/wit/workItems/6538"
    },
    {
      "id": 6537,
      "rev": 2,
      "fields": {
        "System.AreaPath": "Azure Cloud Adoption",
        "System.TeamProject": "Azure Cloud Adoption",
        "System.IterationPath": "$ProjectName$\\Iteration 3",
        "System.WorkItemType": "Task",
        "System.State": "New",
        "System.Reason": "New",
        "System.CreatedDate": "2021-03-29T16:23:53.45Z",
        "System.CreatedBy": "",
        "System.ChangedDate": "2021-03-29T16:28:07.89Z",
        "System.ChangedBy": "",
        "System.Title": "Implement NSG to protect traffic across subnets, as well as east-west traffic across the platform.",
        "Microsoft.VSTS.Scheduling.Effort": 0.0,
        "System.Description": "<div><span>Implement default NSG config like Deny inbound RDP/SSH connections, Allow communication with domain controllers. NSGs must be used to protect traffic across subnets, as well as east-west traffic across the platform (inter &quot;Landing Zone&quot; traffic) <br></span><div>Application team should use Application Security Groups at the subnet level NSGs to protect multi-tier VMs within their &quot;Landing Zone“. <br></div><div>Use NSGs and ASGs to microsegment traffic within the &quot;Landing Zone&quot; and avoid using a central NVA to filter these traffic flows.<br></div><div>The Platform team can use Azure Policy to ensure an NSG with specific rules (such as deny inbound SSH or RDP from Internet, or allow/block traffic across landing zones) is always associated to subnets with Deny only policies<br></div><span></span><br></div>",
        "System.AssignedTo": null,
        "Microsoft.VSTS.Scheduling.RemainingWork": 0.0,
        "Microsoft.VSTS.Common.Priority": 2.0,
        "System.BoardLane": null,
        "System.Tags": "Network; Ready",
        "Microsoft.VSTS.TCM.Steps": null,
        "Microsoft.VSTS.TCM.Parameters": null,
        "Microsoft.VSTS.TCM.LocalDataSource": null,
        "Microsoft.VSTS.TCM.AutomationStatus": null,
        "System.History": null
      },
      "relations": [
        {
          "rel": "System.LinkTypes.Hierarchy-Reverse",
          "url": "https://dev.azure.com/dummy/_apis/wit/workItems/6535",
          "attributes": {
            "isLocked": "false",
            "name": "Parent"
          }
        }
      ],
      "url": "https://dev.azure.com/dummy/_apis/wit/workItems/6537"
    },
    {
      "id": 6530,
      "rev": 3,
      "fields": {
        "System.AreaPath": "Azure Cloud Adoption",
        "System.TeamProject": "Azure Cloud Adoption",
        "System.IterationPath": "$ProjectName$\\Iteration 3",
        "System.WorkItemType": "Task",
        "System.State": "New",
        "System.Reason": "New",
        "System.CreatedDate": "2021-03-29T16:14:54.827Z",
        "System.CreatedBy": "",
        "System.ChangedDate": "2021-03-29T16:27:20.41Z",
        "System.ChangedBy": "",
        "System.Title": "Implement ExpressRoute",
        "Microsoft.VSTS.Scheduling.Effort": 0.0,
        "System.Description": null,
        "System.AssignedTo": null,
        "Microsoft.VSTS.Scheduling.RemainingWork": 0.0,
        "Microsoft.VSTS.Common.Priority": 2.0,
        "System.BoardLane": null,
        "System.Tags": "Network; Ready",
        "Microsoft.VSTS.TCM.Steps": null,
        "Microsoft.VSTS.TCM.Parameters": null,
        "Microsoft.VSTS.TCM.LocalDataSource": null,
        "Microsoft.VSTS.TCM.AutomationStatus": null,
        "System.History": null
      },
      "relations": [
        {
          "rel": "System.LinkTypes.Hierarchy-Reverse",
          "url": "https://dev.azure.com/dummy/_apis/wit/workItems/6528",
          "attributes": {
            "isLocked": "false",
            "name": "Parent"
          }
        }
      ],
      "url": "https://dev.azure.com/dummy/_apis/wit/workItems/6530"
    },
    {
      "id": 6526,
      "rev": 2,
      "fields": {
        "System.AreaPath": "Azure Cloud Adoption",
        "System.TeamProject": "Azure Cloud Adoption",
        "System.IterationPath": "$ProjectName$\\Iteration 3",
        "System.WorkItemType": "Task",
        "System.State": "New",
        "System.Reason": "New",
        "System.CreatedDate": "2021-03-29T16:10:21.1Z",
        "System.CreatedBy": "",
        "System.ChangedDate": "2021-03-29T16:10:58.46Z",
        "System.ChangedBy": "",
        "System.Title": "Centralize Private link registration of private DNS zones when required",
        "Microsoft.VSTS.Scheduling.Effort": 0.0,
        "System.Description": "<div>Create the Azure Private DNS zone within a global connectivity subscription. You might create other Azure Private DNS zones (for example, privatelink.database.windows.net or privatelink.blob.core.windows.net for Azure Private Link).<br></div>",
        "System.AssignedTo": null,
        "Microsoft.VSTS.Scheduling.RemainingWork": 0.0,
        "Microsoft.VSTS.Common.Priority": 2.0,
        "System.BoardLane": null,
        "System.Tags": "Network; Ready",
        "Microsoft.VSTS.TCM.Steps": null,
        "Microsoft.VSTS.TCM.Parameters": null,
        "Microsoft.VSTS.TCM.LocalDataSource": null,
        "Microsoft.VSTS.TCM.AutomationStatus": null,
        "System.History": null
      },
      "relations": [
        {
          "rel": "System.LinkTypes.Hierarchy-Reverse",
          "url": "https://dev.azure.com/dummy/_apis/wit/workItems/6523",
          "attributes": {
            "isLocked": "false",
            "name": "Parent"
          }
        }
      ],
      "url": "https://dev.azure.com/dummy/_apis/wit/workItems/6526"
    },
    {
      "id": 6525,
      "rev": 2,
      "fields": {
        "System.AreaPath": "Azure Cloud Adoption",
        "System.TeamProject": "Azure Cloud Adoption",
        "System.IterationPath": "$ProjectName$\\Iteration 3",
        "System.WorkItemType": "Task",
        "System.State": "New",
        "System.Reason": "New",
        "System.CreatedDate": "2021-03-29T16:08:34.49Z",
        "System.CreatedBy": "",
        "System.ChangedDate": "2021-03-29T16:10:34.537Z",
        "System.ChangedBy": "",
        "System.Title": "Implement Hybrid DNS Resolved (seamless resolving on-premise and the cloud )",
        "Microsoft.VSTS.Scheduling.Effort": 0.0,
        "System.Description": "<div><span>For environments where name resolution across Azure and on-premises is required, use existing DNS infrastructure (for example, Active Directory integrated DNS) deployed onto at least two virtual machines (VMs). Configure DNS settings in virtual networks to use those DNS servers.<br></span><span>You can still link an Azure Private DNS zone to the virtual networks and use DNS servers as hybrid resolvers with conditional forwarding to on-premises DNS names, such as onprem.contoso.com, by using on-premises DNS servers. You can configure on-premises servers with conditional forwarders to resolver VMs in Azure for the Azure Private DNS zone (for example, azure.contoso.com). Use a virtual machine as a resolver for cross-premises DNS resolution with Azure Private DNS.</span><br></div>",
        "System.AssignedTo": null,
        "Microsoft.VSTS.Scheduling.RemainingWork": 0.0,
        "Microsoft.VSTS.Common.Priority": 2.0,
        "System.BoardLane": null,
        "System.Tags": "Network; Ready",
        "Microsoft.VSTS.TCM.Steps": null,
        "Microsoft.VSTS.TCM.Parameters": null,
        "Microsoft.VSTS.TCM.LocalDataSource": null,
        "Microsoft.VSTS.TCM.AutomationStatus": null,
        "System.History": null
      },
      "relations": [
        {
          "rel": "System.LinkTypes.Hierarchy-Reverse",
          "url": "https://dev.azure.com/dummy/_apis/wit/workItems/6523",
          "attributes": {
            "isLocked": "false",
            "name": "Parent"
          }
        }
      ],
      "url": "https://dev.azure.com/dummy/_apis/wit/workItems/6525"
    },
    {
      "id": 6524,
      "rev": 3,
      "fields": {
        "System.AreaPath": "Azure Cloud Adoption",
        "System.TeamProject": "Azure Cloud Adoption",
        "System.IterationPath": "$ProjectName$\\Iteration 3",
        "System.WorkItemType": "Task",
        "System.State": "New",
        "System.Reason": "New",
        "System.CreatedDate": "2021-03-29T16:07:48.547Z",
        "System.CreatedBy": "",
        "System.ChangedDate": "2021-03-29T16:10:44.033Z",
        "System.ChangedBy": "",
        "System.Title": "Implement DNS servers in Azure or use AZ Firewall",
        "Microsoft.VSTS.Scheduling.Effort": 0.0,
        "System.Description": null,
        "System.AssignedTo": null,
        "Microsoft.VSTS.Scheduling.RemainingWork": 0.0,
        "Microsoft.VSTS.Common.Priority": 2.0,
        "System.BoardLane": null,
        "System.Tags": "Network; Ready",
        "Microsoft.VSTS.TCM.Steps": null,
        "Microsoft.VSTS.TCM.Parameters": null,
        "Microsoft.VSTS.TCM.LocalDataSource": null,
        "Microsoft.VSTS.TCM.AutomationStatus": null,
        "System.History": null
      },
      "relations": [
        {
          "rel": "System.LinkTypes.Hierarchy-Reverse",
          "url": "https://dev.azure.com/dummy/_apis/wit/workItems/6523",
          "attributes": {
            "isLocked": "false",
            "name": "Parent"
          }
        }
      ],
      "url": "https://dev.azure.com/dummy/_apis/wit/workItems/6524"
    },
    {
      "id": 6517,
      "rev": 4,
      "fields": {
        "System.AreaPath": "Azure Cloud Adoption",
        "System.TeamProject": "Azure Cloud Adoption",
        "System.IterationPath": "$ProjectName$\\Iteration 3",
        "System.WorkItemType": "Task",
        "System.State": "New",
        "System.Reason": "New",
        "System.CreatedDate": "2021-03-29T15:36:48.727Z",
        "System.CreatedBy": "",
        "System.ChangedDate": "2021-03-30T18:04:14.673Z",
        "System.ChangedBy": "",
        "System.Title": "Subscriptions as a democratized unit of management aligned with business needs and priorities.",
        "Microsoft.VSTS.Scheduling.Effort": 0.0,
        "System.Description": "<div><span>Subscriptions serve as a scale unit so that component workloads can scale within the platform subscription limits.<br></span><div>Subscriptions serve as a boundary for the assignment of Azure policies. For example, secure workloads, such as PCI workloads, typically require additional policies to achieve compliance. Instead of using a management group to group workloads that require PCI compliance, you can achieve the same isolation by using a subscription.<br></div><div>Subscriptions provide a management boundary for governance and isolation, allowing for a clear separation of concerns.<br></div><span>Avoid a rigid subscription model, and opt instead for a set of flexible criteria to group subscriptions across the organization. This flexibility ensures that as your organization's structure and workload composition changes, you can create new subscription groups instead of using a fixed set of existing subscriptions. One size doesn't fit all for subscriptions. What works for one business unit might not work for another. Some applications might coexist within the same landing zone subscription while others might require their own subscription.</span><br></div>",
        "System.AssignedTo": null,
        "Microsoft.VSTS.Scheduling.RemainingWork": 0.0,
        "Microsoft.VSTS.Common.Priority": 2.0,
        "System.BoardLane": null,
        "System.Tags": "Mng Grp & Subscriptions; Ready",
        "Microsoft.VSTS.TCM.Steps": null,
        "Microsoft.VSTS.TCM.Parameters": null,
        "Microsoft.VSTS.TCM.LocalDataSource": null,
        "Microsoft.VSTS.TCM.AutomationStatus": null,
        "System.History": null
      },
      "relations": [
        {
          "rel": "System.LinkTypes.Hierarchy-Reverse",
          "url": "https://dev.azure.com/dummy/_apis/wit/workItems/6510",
          "attributes": {
            "isLocked": "false",
            "name": "Parent"
          }
        }
      ],
      "url": "https://dev.azure.com/dummy/_apis/wit/workItems/6517"
    },
    {
      "id": 6516,
      "rev": 5,
      "fields": {
        "System.AreaPath": "Azure Cloud Adoption",
        "System.TeamProject": "Azure Cloud Adoption",
        "System.IterationPath": "$ProjectName$\\Iteration 3",
        "System.WorkItemType": "Task",
        "System.State": "New",
        "System.Reason": "New",
        "System.CreatedDate": "2021-03-29T15:35:36.11Z",
        "System.CreatedBy": "",
        "System.ChangedDate": "2021-03-31T16:15:17.42Z",
        "System.ChangedBy": "",
        "System.Title": "Group subscriptions under Management groups to ensures that subscriptions with the same set of policies and Azure role assignments.",
        "Microsoft.VSTS.Scheduling.Effort": 0.0,
        "System.Description": "<div>Group subscriptions together under management groups aligned within the management group structure and policy requirements at scale. Grouping ensures that subscriptions with the same set of policies and Azure role assignments can inherit them from a management group, which avoids duplicate assignments.<br></div>",
        "System.AssignedTo": null,
        "Microsoft.VSTS.Scheduling.RemainingWork": 0.0,
        "Microsoft.VSTS.Common.Priority": 2.0,
        "System.BoardLane": null,
        "System.Tags": "Mng Grp & Subscriptions; Ready; Reference Implementation",
        "Microsoft.VSTS.TCM.Steps": null,
        "Microsoft.VSTS.TCM.Parameters": null,
        "Microsoft.VSTS.TCM.LocalDataSource": null,
        "Microsoft.VSTS.TCM.AutomationStatus": null,
        "System.History": null
      },
      "relations": [
        {
          "rel": "System.LinkTypes.Hierarchy-Reverse",
          "url": "https://dev.azure.com/dummy/_apis/wit/workItems/6510",
          "attributes": {
            "isLocked": "false",
            "name": "Parent"
          }
        }
      ],
      "url": "https://dev.azure.com/dummy/_apis/wit/workItems/6516"
    },
    {
      "id": 6514,
      "rev": 6,
      "fields": {
        "System.AreaPath": "Azure Cloud Adoption",
        "System.TeamProject": "Azure Cloud Adoption",
        "System.IterationPath": "$ProjectName$\\Iteration 3",
        "System.WorkItemType": "Task",
        "System.State": "New",
        "System.Reason": "New",
        "System.CreatedDate": "2021-03-29T15:32:32.507Z",
        "System.CreatedBy": "",
        "System.ChangedDate": "2021-03-31T16:15:09.093Z",
        "System.ChangedBy": "",
        "System.Title": "Create initial Management Group structuur",
        "Microsoft.VSTS.Scheduling.Effort": 0.0,
        "System.Description": null,
        "System.AssignedTo": null,
        "Microsoft.VSTS.Scheduling.RemainingWork": 0.0,
        "Microsoft.VSTS.Common.Priority": 2.0,
        "System.BoardLane": null,
        "System.Tags": "Mng Grp & Subscriptions; Ready; Reference Implementation",
        "Microsoft.VSTS.TCM.Steps": null,
        "Microsoft.VSTS.TCM.Parameters": null,
        "Microsoft.VSTS.TCM.LocalDataSource": null,
        "Microsoft.VSTS.TCM.AutomationStatus": null,
        "System.History": null
      },
      "relations": [
        {
          "rel": "System.LinkTypes.Hierarchy-Reverse",
          "url": "https://dev.azure.com/dummy/_apis/wit/workItems/6510",
          "attributes": {
            "isLocked": "false",
            "name": "Parent"
          }
        }
      ],
      "url": "https://dev.azure.com/dummy/_apis/wit/workItems/6514"
    },
    {
      "id": 6508,
      "rev": 4,
      "fields": {
        "System.AreaPath": "Azure Cloud Adoption",
        "System.TeamProject": "Azure Cloud Adoption",
        "System.IterationPath": "$ProjectName$\\Iteration 3",
        "System.WorkItemType": "Task",
        "System.State": "New",
        "System.Reason": "New",
        "System.CreatedDate": "2021-03-29T13:17:22.16Z",
        "System.CreatedBy": "",
        "System.ChangedDate": "2021-03-31T16:14:44.927Z",
        "System.ChangedBy": "",
        "System.Title": "Identity network segmentation and connectivity design and separation of concerns for inside landing zone (legacy)  authentication",
        "Microsoft.VSTS.Scheduling.Effort": 0.0,
        "System.Description": "<div>Use a separate subscription and vNet. Alternative have Identity in a hub vNet.<br></div>",
        "System.AssignedTo": null,
        "Microsoft.VSTS.Scheduling.RemainingWork": 0.0,
        "Microsoft.VSTS.Common.Priority": 2.0,
        "System.BoardLane": null,
        "System.Tags": "IAM; Ready; Reference Implementation",
        "Microsoft.VSTS.TCM.Steps": null,
        "Microsoft.VSTS.TCM.Parameters": null,
        "Microsoft.VSTS.TCM.LocalDataSource": null,
        "Microsoft.VSTS.TCM.AutomationStatus": null,
        "System.History": null
      },
      "relations": [
        {
          "rel": "System.LinkTypes.Hierarchy-Reverse",
          "url": "https://dev.azure.com/dummy/_apis/wit/workItems/6502",
          "attributes": {
            "isLocked": "false",
            "name": "Parent"
          }
        }
      ],
      "url": "https://dev.azure.com/dummy/_apis/wit/workItems/6508"
    },
    {
      "id": 6504,
      "rev": 3,
      "fields": {
        "System.AreaPath": "Azure Cloud Adoption",
        "System.TeamProject": "Azure Cloud Adoption",
        "System.IterationPath": "$ProjectName$\\Iteration 3",
        "System.WorkItemType": "Task",
        "System.State": "New",
        "System.Reason": "New",
        "System.CreatedDate": "2021-03-29T13:14:58.43Z",
        "System.CreatedBy": "",
        "System.ChangedDate": "2021-03-29T16:35:14.737Z",
        "System.ChangedBy": "",
        "System.Title": "Deploy 2 Domain Controllers zone redundant",
        "Microsoft.VSTS.Scheduling.Effort": 0.0,
        "System.Description": null,
        "System.AssignedTo": null,
        "Microsoft.VSTS.Scheduling.RemainingWork": 0.0,
        "Microsoft.VSTS.Common.Priority": 2.0,
        "System.BoardLane": null,
        "System.Tags": "IAM; Ready",
        "Microsoft.VSTS.TCM.Steps": null,
        "Microsoft.VSTS.TCM.Parameters": null,
        "Microsoft.VSTS.TCM.LocalDataSource": null,
        "Microsoft.VSTS.TCM.AutomationStatus": null,
        "System.History": null
      },
      "relations": [
        {
          "rel": "System.LinkTypes.Hierarchy-Reverse",
          "url": "https://dev.azure.com/dummy/_apis/wit/workItems/6502",
          "attributes": {
            "isLocked": "false",
            "name": "Parent"
          }
        }
      ],
      "url": "https://dev.azure.com/dummy/_apis/wit/workItems/6504"
    },
    {
      "id": 6503,
      "rev": 4,
      "fields": {
        "System.AreaPath": "Azure Cloud Adoption",
        "System.TeamProject": "Azure Cloud Adoption",
        "System.IterationPath": "$ProjectName$\\Iteration 3",
        "System.WorkItemType": "Task",
        "System.State": "New",
        "System.Reason": "New",
        "System.CreatedDate": "2021-03-29T13:14:25.56Z",
        "System.CreatedBy": "",
        "System.ChangedDate": "2021-03-31T16:14:35.847Z",
        "System.ChangedBy": "",
        "System.Title": "Create separate identity Subscription",
        "Microsoft.VSTS.Scheduling.Effort": 0.0,
        "System.Description": null,
        "System.AssignedTo": null,
        "Microsoft.VSTS.Scheduling.RemainingWork": 0.0,
        "Microsoft.VSTS.Common.Priority": 2.0,
        "System.BoardLane": null,
        "System.Tags": "IAM; Ready; Reference Implementation",
        "Microsoft.VSTS.TCM.Steps": null,
        "Microsoft.VSTS.TCM.Parameters": null,
        "Microsoft.VSTS.TCM.LocalDataSource": null,
        "Microsoft.VSTS.TCM.AutomationStatus": null,
        "System.History": null
      },
      "relations": [
        {
          "rel": "System.LinkTypes.Hierarchy-Reverse",
          "url": "https://dev.azure.com/dummy/_apis/wit/workItems/6502",
          "attributes": {
            "isLocked": "false",
            "name": "Parent"
          }
        }
      ],
      "url": "https://dev.azure.com/dummy/_apis/wit/workItems/6503"
    },
    {
      "id": 6493,
      "rev": 4,
      "fields": {
        "System.AreaPath": "Azure Cloud Adoption",
        "System.TeamProject": "Azure Cloud Adoption",
        "System.IterationPath": "$ProjectName$\\Iteration 3",
        "System.WorkItemType": "Task",
        "System.State": "New",
        "System.Reason": "New",
        "System.CreatedDate": "2021-03-29T13:06:52.07Z",
        "System.CreatedBy": "",
        "System.ChangedDate": "2021-03-29T16:36:11.533Z",
        "System.ChangedBy": "",
        "System.Title": "Document roles used and right, possible custom roles",
        "Microsoft.VSTS.Scheduling.Effort": 0.0,
        "System.Description": "<div>Use custom RBAC role definitions within the Azure AD tenant, considering the following key roles: Azure Platform Owner, NetOps, SecOps, DevOps<br></div><div><br></div><div>Based on network rights and delegation model on paper and enforced via roles decide on subscription as the Landing zone of a workload roles.&nbsp;</div><div><br></div><div>Use build in riles like Owner, Contributor and reader or create custom roles&nbsp; like&nbsp;Contributor role granted for application/operations team at resource group level, can also be applied on subscription. This role derived from contributor role with additional restrictions to modify network resources. Consider when using this role only on the resource group level to add the delete resource group right to the notactions</div>",
        "System.AssignedTo": null,
        "Microsoft.VSTS.Scheduling.RemainingWork": 0.0,
        "Microsoft.VSTS.Common.Priority": 2.0,
        "System.BoardLane": null,
        "System.Tags": "IAM; Ready",
        "Microsoft.VSTS.TCM.Steps": null,
        "Microsoft.VSTS.TCM.Parameters": null,
        "Microsoft.VSTS.TCM.LocalDataSource": null,
        "Microsoft.VSTS.TCM.AutomationStatus": null,
        "System.History": null
      },
      "relations": [
        {
          "rel": "System.LinkTypes.Hierarchy-Reverse",
          "url": "https://dev.azure.com/dummy/_apis/wit/workItems/6491",
          "attributes": {
            "isLocked": "false",
            "name": "Parent"
          }
        }
      ],
      "url": "https://dev.azure.com/dummy/_apis/wit/workItems/6493"
    },
    {
      "id": 6492,
      "rev": 3,
      "fields": {
        "System.AreaPath": "Azure Cloud Adoption",
        "System.TeamProject": "Azure Cloud Adoption",
        "System.IterationPath": "$ProjectName$\\Iteration 3",
        "System.WorkItemType": "Task",
        "System.State": "New",
        "System.Reason": "New",
        "System.CreatedDate": "2021-03-29T12:56:52.483Z",
        "System.CreatedBy": "",
        "System.ChangedDate": "2021-03-29T16:29:42.26Z",
        "System.ChangedBy": "",
        "System.Title": "Define naming strategy for Azure AD groups",
        "Microsoft.VSTS.Scheduling.Effort": 0.0,
        "System.Description": "<div>Sample</div><div><br></div><div><table width=451 style=\"border-collapse:collapse;width:339pt;\">\n\n <colgroup><col width=451 style=\"width:339pt;\">\n </colgroup><tbody><tr height=19>\n  <td height=19 width=451 style=\"padding-top:1px;padding-right:1px;padding-left:1px;color:black;font-size:11pt;font-family:Calibri, sans-serif;vertical-align:bottom;border:none;font-size:10pt;vertical-align:top;border-top:0.5pt solid rgb(142, 169, 219);border-right:none;border-bottom:0.5pt solid rgb(142, 169, 219);border-left:none;background:rgb(217, 225, 242);border:1px solid rgb(212, 212, 212);width:339pt;\">Direct\n  assigned,<span style=\"\">&nbsp;\n  </span>azure-&lt;prefix&gt;-platform-owners</td>\n </tr>\n <tr height=19>\n  <td height=19 width=451 style=\"padding-top:1px;padding-right:1px;padding-left:1px;color:black;font-size:11pt;font-family:Calibri, sans-serif;vertical-align:bottom;border:none;font-size:10pt;vertical-align:top;border-top:0.5pt solid rgb(142, 169, 219);border-right:none;border-bottom:0.5pt solid rgb(142, 169, 219);border-left:none;border:1px solid rgb(212, 212, 212);border-top:none;width:339pt;\">azure-&lt;prefix&gt;-platform-netOps</td>\n </tr>\n <tr height=19>\n  <td height=19 width=451 style=\"padding-top:1px;padding-right:1px;padding-left:1px;color:black;font-size:11pt;font-family:Calibri, sans-serif;vertical-align:bottom;border:none;font-size:10pt;font-style:italic;vertical-align:top;border-top:0.5pt solid rgb(142, 169, 219);border-right:none;border-bottom:0.5pt solid rgb(142, 169, 219);border-left:none;background:rgb(217, 225, 242);border:1px solid rgb(212, 212, 212);border-top:none;width:339pt;\">azure-&lt;prefix&gt;-platform-secOps</td>\n </tr>\n <tr height=19>\n  <td height=19 width=451 style=\"padding-top:1px;padding-right:1px;padding-left:1px;color:black;font-size:11pt;font-family:Calibri, sans-serif;vertical-align:bottom;border:none;font-size:10pt;vertical-align:top;border-top:0.5pt solid rgb(142, 169, 219);border-right:none;border-bottom:0.5pt solid rgb(142, 169, 219);border-left:none;border:1px solid rgb(212, 212, 212);border-top:none;width:339pt;\">azure-&lt;prefix&gt;-platform-secOps</td>\n </tr>\n <tr height=19>\n  <td height=19 width=451 style=\"padding-top:1px;padding-right:1px;padding-left:1px;color:black;font-size:11pt;font-family:Calibri, sans-serif;vertical-align:bottom;border:none;font-size:10pt;vertical-align:top;border-top:0.5pt solid rgb(142, 169, 219);border-right:none;border-bottom:0.5pt solid rgb(142, 169, 219);border-left:none;background:rgb(217, 225, 242);border:1px solid rgb(212, 212, 212);border-top:none;width:339pt;\">&lt;subscription name&gt;-owners</td>\n </tr>\n <tr height=19>\n  <td height=19 width=451 style=\"padding-top:1px;padding-right:1px;padding-left:1px;color:black;font-size:11pt;font-family:Calibri, sans-serif;vertical-align:bottom;border:none;font-size:10pt;vertical-align:top;border-top:0.5pt solid rgb(142, 169, 219);border-right:none;border-bottom:0.5pt solid rgb(142, 169, 219);border-left:none;border:1px solid rgb(212, 212, 212);border-top:none;width:339pt;\">&lt;&lt;subscription name&gt;-owners</td>\n </tr>\n <tr height=19>\n  <td height=19 width=451 style=\"padding-top:1px;padding-right:1px;padding-left:1px;color:black;font-size:11pt;font-family:Calibri, sans-serif;vertical-align:bottom;border:none;font-size:10pt;vertical-align:top;border-top:0.5pt solid rgb(142, 169, 219);border-right:none;border-bottom:0.5pt solid rgb(142, 169, 219);border-left:none;background:rgb(217, 225, 242);border:1px solid rgb(212, 212, 212);border-top:none;width:339pt;\">&lt;subscription name&gt;-owners</td>\n </tr>\n <tr height=19>\n  <td height=19 width=451 style=\"padding-top:1px;padding-right:1px;padding-left:1px;color:black;font-size:11pt;font-family:Calibri, sans-serif;vertical-align:bottom;border:none;font-size:10pt;vertical-align:top;border-top:0.5pt solid rgb(142, 169, 219);border-right:none;border-bottom:0.5pt solid rgb(142, 169, 219);border-left:none;border:1px solid rgb(212, 212, 212);border-top:none;width:339pt;\">&lt;subscription name&gt;-owners</td>\n </tr>\n <tr height=19>\n  <td height=19 width=451 style=\"padding-top:1px;padding-right:1px;padding-left:1px;color:black;font-size:11pt;font-family:Calibri, sans-serif;vertical-align:bottom;border:none;font-size:10pt;vertical-align:top;border-top:0.5pt solid rgb(142, 169, 219);border-right:none;border-bottom:0.5pt solid rgb(142, 169, 219);border-left:none;background:rgb(217, 225, 242);border:1px solid rgb(212, 212, 212);border-top:none;width:339pt;\">&lt;subscription name&gt;-contributors</td>\n </tr>\n <tr height=19>\n  <td height=19 width=451 style=\"padding-top:1px;padding-right:1px;padding-left:1px;color:black;font-size:11pt;font-family:Calibri, sans-serif;vertical-align:bottom;border:none;font-size:10pt;vertical-align:top;border-top:0.5pt solid rgb(142, 169, 219);border-right:none;border-bottom:0.5pt solid rgb(142, 169, 219);border-left:none;border:1px solid rgb(212, 212, 212);border-top:none;width:339pt;\">&lt;subscription name&gt;-readers</td>\n </tr>\n <tr height=19>\n  <td height=19 width=451 style=\"padding-top:1px;padding-right:1px;padding-left:1px;color:black;font-size:11pt;font-family:Calibri, sans-serif;vertical-align:bottom;border:none;font-size:10pt;vertical-align:top;border-top:0.5pt solid rgb(142, 169, 219);border-right:none;border-bottom:0.5pt solid rgb(142, 169, 219);border-left:none;background:rgb(217, 225, 242);border:1px solid rgb(212, 212, 212);border-top:none;width:339pt;\">azure-&lt;subscription name&gt;-&lt;resourceGroup\n  name&gt;-appOwners</td>\n </tr>\n <tr height=19>\n  <td height=19 width=451 style=\"padding-top:1px;padding-right:1px;padding-left:1px;color:black;font-size:11pt;font-family:Calibri, sans-serif;vertical-align:bottom;border:none;font-size:10pt;vertical-align:top;border-top:0.5pt solid rgb(142, 169, 219);border-right:none;border-bottom:0.5pt solid rgb(142, 169, 219);border-left:none;border:1px solid rgb(212, 212, 212);border-top:none;width:339pt;\">azure-&lt;subscription name&gt;-&lt;resourceGroup\n  name&gt;-appOwners</td>\n </tr></tbody></table><br></div>",
        "System.AssignedTo": null,
        "Microsoft.VSTS.Scheduling.RemainingWork": 0.0,
        "Microsoft.VSTS.Common.Priority": 2.0,
        "System.BoardLane": null,
        "System.Tags": "IAM; Ready",
        "Microsoft.VSTS.TCM.Steps": null,
        "Microsoft.VSTS.TCM.Parameters": null,
        "Microsoft.VSTS.TCM.LocalDataSource": null,
        "Microsoft.VSTS.TCM.AutomationStatus": null,
        "System.History": null
      },
      "relations": [
        {
          "rel": "System.LinkTypes.Hierarchy-Reverse",
          "url": "https://dev.azure.com/dummy/_apis/wit/workItems/6491",
          "attributes": {
            "isLocked": "false",
            "name": "Parent"
          }
        }
      ],
      "url": "https://dev.azure.com/dummy/_apis/wit/workItems/6492"
    },
    {
      "id": 6481,
      "rev": 2,
      "fields": {
        "System.AreaPath": "Azure Cloud Adoption",
        "System.TeamProject": "Azure Cloud Adoption",
        "System.IterationPath": "Azure Cloud Adoption",
        "System.WorkItemType": "Task",
        "System.State": "New",
        "System.Reason": "New",
        "System.CreatedDate": "2021-03-29T12:26:43.27Z",
        "System.CreatedBy": "",
        "System.ChangedDate": "2021-03-29T12:26:49.87Z",
        "System.ChangedBy": "",
        "System.Title": "Implement Azure Migrate assessment for current VMWare environment",
        "Microsoft.VSTS.Scheduling.Effort": 0.0,
        "System.Description": null,
        "System.AssignedTo": null,
        "Microsoft.VSTS.Scheduling.RemainingWork": 0.0,
        "Microsoft.VSTS.Common.Priority": 2.0,
        "System.BoardLane": null,
        "System.Tags": null,
        "Microsoft.VSTS.TCM.Steps": null,
        "Microsoft.VSTS.TCM.Parameters": null,
        "Microsoft.VSTS.TCM.LocalDataSource": null,
        "Microsoft.VSTS.TCM.AutomationStatus": null,
        "System.History": null
      },
      "relations": [
        {
          "rel": "System.LinkTypes.Hierarchy-Reverse",
          "url": "https://dev.azure.com/dummy/_apis/wit/workItems/558",
          "attributes": {
            "isLocked": "false",
            "name": "Parent"
          }
        }
      ],
      "url": "https://dev.azure.com/dummy/_apis/wit/workItems/6481"
    },
    {
      "id": 6479,
      "rev": 3,
      "fields": {
        "System.AreaPath": "Azure Cloud Adoption",
        "System.TeamProject": "Azure Cloud Adoption",
        "System.IterationPath": "Azure Cloud Adoption",
        "System.WorkItemType": "Task",
        "System.State": "New",
        "System.Reason": "New",
        "System.CreatedDate": "2021-03-29T12:11:29.383Z",
        "System.CreatedBy": "",
        "System.ChangedDate": "2021-03-31T16:11:54.33Z",
        "System.ChangedBy": "",
        "System.Title": "Approved  enterprise-scale landing zone architecture design",
        "Microsoft.VSTS.Scheduling.Effort": 0.0,
        "System.Description": null,
        "System.AssignedTo": null,
        "Microsoft.VSTS.Scheduling.RemainingWork": 0.0,
        "Microsoft.VSTS.Common.Priority": 2.0,
        "System.BoardLane": null,
        "System.Tags": "Ready",
        "Microsoft.VSTS.TCM.Steps": null,
        "Microsoft.VSTS.TCM.Parameters": null,
        "Microsoft.VSTS.TCM.LocalDataSource": null,
        "Microsoft.VSTS.TCM.AutomationStatus": null,
        "System.History": null
      },
      "relations": [
        {
          "rel": "System.LinkTypes.Hierarchy-Reverse",
          "url": "https://dev.azure.com/dummy/_apis/wit/workItems/554",
          "attributes": {
            "isLocked": "false",
            "name": "Parent"
          }
        }
      ],
      "url": "https://dev.azure.com/dummy/_apis/wit/workItems/6479"
    },
    {
      "id": 6478,
      "rev": 5,
      "fields": {
        "System.AreaPath": "Azure Cloud Adoption",
        "System.TeamProject": "Azure Cloud Adoption",
        "System.IterationPath": "Azure Cloud Adoption",
        "System.WorkItemType": "Task",
        "System.State": "New",
        "System.Reason": "New",
        "System.CreatedDate": "2021-03-29T12:11:07.407Z",
        "System.CreatedBy": "",
        "System.ChangedDate": "2021-03-31T16:13:19.73Z",
        "System.ChangedBy": "",
        "System.Title": "Initial  enterprise-scale landing zone architecture design",
        "Microsoft.VSTS.Scheduling.Effort": 0.0,
        "System.Description": null,
        "System.AssignedTo": null,
        "Microsoft.VSTS.Scheduling.RemainingWork": 0.0,
        "Microsoft.VSTS.Common.Priority": 2.0,
        "System.BoardLane": null,
        "System.Tags": "Ready; Reference Implementation",
        "Microsoft.VSTS.TCM.Steps": null,
        "Microsoft.VSTS.TCM.Parameters": null,
        "Microsoft.VSTS.TCM.LocalDataSource": null,
        "Microsoft.VSTS.TCM.AutomationStatus": null,
        "System.History": null
      },
      "relations": [
        {
          "rel": "System.LinkTypes.Hierarchy-Reverse",
          "url": "https://dev.azure.com/dummy/_apis/wit/workItems/554",
          "attributes": {
            "isLocked": "false",
            "name": "Parent"
          }
        }
      ],
      "url": "https://dev.azure.com/dummy/_apis/wit/workItems/6478"
    },
    {
      "id": 6477,
      "rev": 5,
      "fields": {
        "System.AreaPath": "Azure Cloud Adoption",
        "System.TeamProject": "Azure Cloud Adoption",
        "System.IterationPath": "Azure Cloud Adoption",
        "System.WorkItemType": "Task",
        "System.State": "New",
        "System.Reason": "New",
        "System.CreatedDate": "2021-03-29T12:09:56.897Z",
        "System.CreatedBy": "",
        "System.ChangedDate": "2021-03-31T16:13:03.503Z",
        "System.ChangedBy": "",
        "System.Title": " enterprise-scale landing zone architecture critical design areas workshops",
        "Microsoft.VSTS.Scheduling.Effort": 0.0,
        "System.Description": null,
        "System.AssignedTo": null,
        "Microsoft.VSTS.Scheduling.RemainingWork": 0.0,
        "Microsoft.VSTS.Common.Priority": 2.0,
        "System.BoardLane": null,
        "System.Tags": "Ready; Reference Implementation",
        "Microsoft.VSTS.TCM.Steps": null,
        "Microsoft.VSTS.TCM.Parameters": null,
        "Microsoft.VSTS.TCM.LocalDataSource": null,
        "Microsoft.VSTS.TCM.AutomationStatus": null,
        "System.History": null
      },
      "relations": [
        {
          "rel": "System.LinkTypes.Hierarchy-Reverse",
          "url": "https://dev.azure.com/dummy/_apis/wit/workItems/554",
          "attributes": {
            "isLocked": "false",
            "name": "Parent"
          }
        }
      ],
      "url": "https://dev.azure.com/dummy/_apis/wit/workItems/6477"
    },
    {
      "id": 6474,
      "rev": 2,
      "fields": {
        "System.AreaPath": "Azure Cloud Adoption",
        "System.TeamProject": "Azure Cloud Adoption",
        "System.IterationPath": "Azure Cloud Adoption",
        "System.WorkItemType": "Task",
        "System.State": "New",
        "System.Reason": "New",
        "System.CreatedDate": "2021-03-29T11:51:01.863Z",
        "System.CreatedBy": "",
        "System.ChangedDate": "2021-03-29T11:57:20.173Z",
        "System.ChangedBy": "",
        "System.Title": "Create skilling plan",
        "Microsoft.VSTS.Scheduling.Effort": 0.0,
        "System.Description": "<div>Create approve skilling plan based on assessment.<br><span style=\"display:inline !important;\">Include not only target certification but also budgets and timelines.</span><br></div>",
        "System.AssignedTo": null,
        "Microsoft.VSTS.Scheduling.RemainingWork": 0.0,
        "Microsoft.VSTS.Common.Priority": 2.0,
        "System.BoardLane": null,
        "System.Tags": null,
        "Microsoft.VSTS.TCM.Steps": null,
        "Microsoft.VSTS.TCM.Parameters": null,
        "Microsoft.VSTS.TCM.LocalDataSource": null,
        "Microsoft.VSTS.TCM.AutomationStatus": null,
        "System.History": null
      },
      "relations": [
        {
          "rel": "System.LinkTypes.Hierarchy-Reverse",
          "url": "https://dev.azure.com/dummy/_apis/wit/workItems/560",
          "attributes": {
            "isLocked": "false",
            "name": "Parent"
          }
        }
      ],
      "url": "https://dev.azure.com/dummy/_apis/wit/workItems/6474"
    },
    {
      "id": 6473,
      "rev": 4,
      "fields": {
        "System.AreaPath": "Azure Cloud Adoption",
        "System.TeamProject": "Azure Cloud Adoption",
        "System.IterationPath": "Azure Cloud Adoption",
        "System.WorkItemType": "Task",
        "System.State": "New",
        "System.Reason": "New",
        "System.CreatedDate": "2021-03-29T11:49:47.143Z",
        "System.CreatedBy": "",
        "System.ChangedDate": "2021-03-29T11:56:42.517Z",
        "System.ChangedBy": "",
        "System.Title": "Initial skill assessment",
        "Microsoft.VSTS.Scheduling.Effort": 0.0,
        "System.Description": "<div>Make matrix of IT pro and devs an their current skills, ambition, concerns vs proposed learning (<a href=\"https://docs.microsoft.com/en-us/learn/browse/\">https://docs.microsoft.com/en-us/learn/browse/</a>)&nbsp;and certification skilling <a href=\"https://aka.ms/azuretraincertdeck\" style=\"box-sizing:border-box;text-decoration:underline;cursor:pointer;\">https://aka.ms/azuretraincertdeck</a>.</div><div><br></div><div>Fundamentals, Azure Administrator, Azure Architect, Security, Developing , DevOps, Data Scientics, Data Engineer, IoT , code skills.&nbsp; etc.&nbsp;&nbsp;</div><div><br></div><div>Collect data trough interview and questionnaires.</div><div><br></div><div>identify the GAP.</div>",
        "System.AssignedTo": null,
        "Microsoft.VSTS.Scheduling.RemainingWork": 0.0,
        "Microsoft.VSTS.Common.Priority": 2.0,
        "System.BoardLane": null,
        "System.Tags": null,
        "Microsoft.VSTS.TCM.Steps": null,
        "Microsoft.VSTS.TCM.Parameters": null,
        "Microsoft.VSTS.TCM.LocalDataSource": null,
        "Microsoft.VSTS.TCM.AutomationStatus": null,
        "System.History": null
      },
      "relations": [
        {
          "rel": "System.LinkTypes.Hierarchy-Reverse",
          "url": "https://dev.azure.com/dummy/_apis/wit/workItems/560",
          "attributes": {
            "isLocked": "false",
            "name": "Parent"
          }
        }
      ],
      "url": "https://dev.azure.com/dummy/_apis/wit/workItems/6473"
    },
    {
      "id": 540,
      "rev": 1,
      "fields": {
        "System.AreaPath": "Azure Cloud Adoption",
        "System.TeamProject": "Azure Cloud Adoption",
        "System.IterationPath": "Azure Cloud Adoption",
        "System.WorkItemType": "Task",
        "System.State": "New",
        "System.Reason": "New",
        "System.CreatedDate": "2020-02-06T07:49:53.307Z",
        "System.CreatedBy": "",
        "System.ChangedDate": "2020-02-06T07:49:53.307Z",
        "System.ChangedBy": "",
        "System.Title": "Update the migration tooling decision tree to reflect VMWare migration options",
        "Microsoft.VSTS.Scheduling.Effort": 0.0,
        "System.Description": "<div><span>Download and modify the migration tool decision tree to align to your expanded migration processes&nbsp;<a href=\"https://docs.microsoft.com/en-us/azure/architecture/cloud-adoption/decision-guides/migrate-decision-guide/\">https://docs.microsoft.com/en-us/azure/architecture/cloud-adoption/decision-guides/migrate-decision-guide/</a></span></div>",
        "System.AssignedTo": null,
        "Microsoft.VSTS.Scheduling.RemainingWork": 0.0,
        "Microsoft.VSTS.Common.Priority": 2.0,
        "System.BoardLane": null,
        "System.Tags": "First Host",
        "Microsoft.VSTS.TCM.Steps": null,
        "Microsoft.VSTS.TCM.Parameters": null,
        "Microsoft.VSTS.TCM.LocalDataSource": null,
        "Microsoft.VSTS.TCM.AutomationStatus": null,
        "System.History": null
      },
      "relations": [
        {
          "rel": "System.LinkTypes.Hierarchy-Reverse",
          "url": "https://dev.azure.com/dummy/_apis/wit/workItems/553",
          "attributes": {
            "isLocked": "false",
            "comment": "Making a new link for the dependency",
            "name": "Parent"
          }
        }
      ],
      "url": "https://dev.azure.com/dummy/_apis/wit/workItems/540"
    },
    {
      "id": 539,
      "rev": 1,
      "fields": {
        "System.AreaPath": "Azure Cloud Adoption",
        "System.TeamProject": "Azure Cloud Adoption",
        "System.IterationPath": "Azure Cloud Adoption",
        "System.WorkItemType": "Task",
        "System.State": "New",
        "System.Reason": "New",
        "System.CreatedDate": "2020-02-06T07:49:53.03Z",
        "System.CreatedBy": "",
        "System.ChangedDate": "2020-02-06T07:49:53.03Z",
        "System.ChangedBy": "",
        "System.Title": "Configure workload DNS and DHCP setup",
        "Microsoft.VSTS.Scheduling.Effort": 0.0,
        "System.Description": "<div><span><a href=\"https://docs.azure.cloudsimple.com/dns-dhcp-setup/\">https://docs.azure.cloudsimple.com/dns-dhcp-setup/</a><br></span></div>",
        "System.AssignedTo": null,
        "Microsoft.VSTS.Scheduling.RemainingWork": 0.0,
        "Microsoft.VSTS.Common.Priority": 2.0,
        "System.BoardLane": null,
        "System.Tags": "First Host",
        "Microsoft.VSTS.TCM.Steps": null,
        "Microsoft.VSTS.TCM.Parameters": null,
        "Microsoft.VSTS.TCM.LocalDataSource": null,
        "Microsoft.VSTS.TCM.AutomationStatus": null,
        "System.History": null
      },
      "relations": null,
      "url": "https://dev.azure.com/dummy/_apis/wit/workItems/539"
    },
    {
      "id": 536,
      "rev": 2,
      "fields": {
        "System.AreaPath": "Azure Cloud Adoption",
        "System.TeamProject": "Azure Cloud Adoption",
        "System.IterationPath": "Azure Cloud Adoption",
        "System.WorkItemType": "Task",
        "System.State": "New",
        "System.Reason": "New",
        "System.CreatedDate": "2020-02-06T07:49:52.2Z",
        "System.CreatedBy": "",
        "System.ChangedDate": "2021-03-30T11:58:49.26Z",
        "System.ChangedBy": "",
        "System.Title": "Change approval process",
        "Microsoft.VSTS.Scheduling.Effort": 0.0,
        "System.Description": "<div><span>Approve proposed changes with necessary change control mechanisms:&nbsp;<a href=\"https://docs.microsoft.com/en-us/azure/architecture/cloud-adoption/migrate/migration-considerations/assess/approve\">https://docs.microsoft.com/en-us/azure/architecture/cloud-adoption/migrate/migration-considerations/assess/approve</a></span></div>",
        "System.AssignedTo": null,
        "Microsoft.VSTS.Scheduling.RemainingWork": 0.0,
        "Microsoft.VSTS.Common.Priority": 2.0,
        "System.BoardLane": null,
        "System.Tags": "Migrate VM Workload",
        "Microsoft.VSTS.TCM.Steps": null,
        "Microsoft.VSTS.TCM.Parameters": null,
        "Microsoft.VSTS.TCM.LocalDataSource": null,
        "Microsoft.VSTS.TCM.AutomationStatus": null,
        "System.History": null
      },
      "relations": [
        {
          "rel": "System.LinkTypes.Hierarchy-Reverse",
          "url": "https://dev.azure.com/dummy/_apis/wit/workItems/543",
          "attributes": {
            "isLocked": "false",
            "comment": "Making a new link for the dependency",
            "name": "Parent"
          }
        }
      ],
      "url": "https://dev.azure.com/dummy/_apis/wit/workItems/536"
    },
    {
      "id": 534,
      "rev": 2,
      "fields": {
        "System.AreaPath": "Azure Cloud Adoption",
        "System.TeamProject": "Azure Cloud Adoption",
        "System.IterationPath": "Azure Cloud Adoption",
        "System.WorkItemType": "Task",
        "System.State": "New",
        "System.Reason": "New",
        "System.CreatedDate": "2020-02-06T07:49:51.193Z",
        "System.CreatedBy": "",
        "System.ChangedDate": "2021-03-30T12:01:08.8Z",
        "System.ChangedBy": "",
        "System.Title": "Promotion",
        "Microsoft.VSTS.Scheduling.Effort": 0.0,
        "System.Description": "<div>Re-route production traffic to deployed assets&nbsp;<a href=\"https://docs.microsoft.com/en-us/azure/architecture/cloud-adoption/migrate/migration-considerations/optimize/promote\">https://docs.microsoft.com/en-us/azure/architecture/cloud-adoption/migrate/migration-considerations/optimize/promote</a></div>",
        "System.AssignedTo": null,
        "Microsoft.VSTS.Scheduling.RemainingWork": 0.0,
        "Microsoft.VSTS.Common.Priority": 2.0,
        "System.BoardLane": null,
        "System.Tags": "Migrate VM Workload",
        "Microsoft.VSTS.TCM.Steps": null,
        "Microsoft.VSTS.TCM.Parameters": null,
        "Microsoft.VSTS.TCM.LocalDataSource": null,
        "Microsoft.VSTS.TCM.AutomationStatus": null,
        "System.History": null
      },
      "relations": [
        {
          "rel": "System.LinkTypes.Hierarchy-Reverse",
          "url": "https://dev.azure.com/dummy/_apis/wit/workItems/549",
          "attributes": {
            "isLocked": "false",
            "comment": "Making a new link for the dependency",
            "name": "Parent"
          }
        }
      ],
      "url": "https://dev.azure.com/dummy/_apis/wit/workItems/534"
    },
    {
      "id": 533,
      "rev": 2,
      "fields": {
        "System.AreaPath": "Azure Cloud Adoption",
        "System.TeamProject": "Azure Cloud Adoption",
        "System.IterationPath": "Azure Cloud Adoption",
        "System.WorkItemType": "Task",
        "System.State": "New",
        "System.Reason": "New",
        "System.CreatedDate": "2020-02-06T07:49:50.813Z",
        "System.CreatedBy": "",
        "System.ChangedDate": "2021-03-30T12:00:21.807Z",
        "System.ChangedBy": "",
        "System.Title": "Document change",
        "Microsoft.VSTS.Scheduling.Effort": 0.0,
        "System.Description": "Record the change in sizing in the parent feature, along with the reason for change",
        "System.AssignedTo": null,
        "Microsoft.VSTS.Scheduling.RemainingWork": 0.0,
        "Microsoft.VSTS.Common.Priority": 2.0,
        "System.BoardLane": null,
        "System.Tags": "Migrate VM Workload",
        "Microsoft.VSTS.TCM.Steps": null,
        "Microsoft.VSTS.TCM.Parameters": null,
        "Microsoft.VSTS.TCM.LocalDataSource": null,
        "Microsoft.VSTS.TCM.AutomationStatus": null,
        "System.History": null
      },
      "relations": [
        {
          "rel": "System.LinkTypes.Hierarchy-Reverse",
          "url": "https://dev.azure.com/dummy/_apis/wit/workItems/548",
          "attributes": {
            "isLocked": "false",
            "comment": "Making a new link for the dependency",
            "name": "Parent"
          }
        }
      ],
      "url": "https://dev.azure.com/dummy/_apis/wit/workItems/533"
    },
    {
      "id": 527,
      "rev": 2,
      "fields": {
        "System.AreaPath": "Azure Cloud Adoption",
        "System.TeamProject": "Azure Cloud Adoption",
        "System.IterationPath": "Azure Cloud Adoption",
        "System.WorkItemType": "Task",
        "System.State": "New",
        "System.Reason": "New",
        "System.CreatedDate": "2020-02-06T07:49:48.09Z",
        "System.CreatedBy": "",
        "System.ChangedDate": "2021-03-30T12:01:02.57Z",
        "System.ChangedBy": "",
        "System.Title": "Final test",
        "Microsoft.VSTS.Scheduling.Effort": 0.0,
        "System.Description": "Validate availability of all assets before production",
        "System.AssignedTo": null,
        "Microsoft.VSTS.Scheduling.RemainingWork": 0.0,
        "Microsoft.VSTS.Common.Priority": 2.0,
        "System.BoardLane": null,
        "System.Tags": "Migrate VM Workload",
        "Microsoft.VSTS.TCM.Steps": null,
        "Microsoft.VSTS.TCM.Parameters": null,
        "Microsoft.VSTS.TCM.LocalDataSource": null,
        "Microsoft.VSTS.TCM.AutomationStatus": null,
        "System.History": null
      },
      "relations": [
        {
          "rel": "System.LinkTypes.Hierarchy-Reverse",
          "url": "https://dev.azure.com/dummy/_apis/wit/workItems/549",
          "attributes": {
            "isLocked": "false",
            "comment": "Making a new link for the dependency",
            "name": "Parent"
          }
        }
      ],
      "url": "https://dev.azure.com/dummy/_apis/wit/workItems/527"
    },
    {
      "id": 525,
      "rev": 2,
      "fields": {
        "System.AreaPath": "Azure Cloud Adoption",
        "System.TeamProject": "Azure Cloud Adoption",
        "System.IterationPath": "Azure Cloud Adoption",
        "System.WorkItemType": "Task",
        "System.State": "New",
        "System.Reason": "New",
        "System.CreatedDate": "2020-02-06T07:49:47.5Z",
        "System.CreatedBy": "",
        "System.ChangedDate": "2021-03-30T11:58:35.33Z",
        "System.ChangedBy": "",
        "System.Title": "Migration tool choice(s)",
        "Microsoft.VSTS.Scheduling.Effort": 0.0,
        "System.Description": "<div><span>Evaluate the approach to migrate the workload based on future state architecture decisions&nbsp;<a href=\"https://docs.microsoft.com/en-us/azure/architecture/cloud-adoption/decision-guides/migrate-decision-guide/\">https://docs.microsoft.com/en-us/azure/architecture/cloud-adoption/decision-guides/migrate-decision-guide/</a></span></div>",
        "System.AssignedTo": null,
        "Microsoft.VSTS.Scheduling.RemainingWork": 0.0,
        "Microsoft.VSTS.Common.Priority": 2.0,
        "System.BoardLane": null,
        "System.Tags": "Migrate VM Workload",
        "Microsoft.VSTS.TCM.Steps": null,
        "Microsoft.VSTS.TCM.Parameters": null,
        "Microsoft.VSTS.TCM.LocalDataSource": null,
        "Microsoft.VSTS.TCM.AutomationStatus": null,
        "System.History": null
      },
      "relations": [
        {
          "rel": "System.LinkTypes.Hierarchy-Reverse",
          "url": "https://dev.azure.com/dummy/_apis/wit/workItems/543",
          "attributes": {
            "isLocked": "false",
            "comment": "Making a new link for the dependency",
            "name": "Parent"
          }
        }
      ],
      "url": "https://dev.azure.com/dummy/_apis/wit/workItems/525"
    },
    {
      "id": 518,
      "rev": 2,
      "fields": {
        "System.AreaPath": "Azure Cloud Adoption",
        "System.TeamProject": "Azure Cloud Adoption",
        "System.IterationPath": "Azure Cloud Adoption",
        "System.WorkItemType": "Task",
        "System.State": "New",
        "System.Reason": "New",
        "System.CreatedDate": "2020-02-06T07:49:45.183Z",
        "System.CreatedBy": "",
        "System.ChangedDate": "2021-03-30T11:58:26.673Z",
        "System.ChangedBy": "",
        "System.Title": "Estimate Cloud Costs",
        "Microsoft.VSTS.Scheduling.Effort": 0.0,
        "System.Description": "<div><span>Estimate cost of the proposed workload. Update the business justification and budget accordingly.&nbsp;<a href=\"https://docs.microsoft.com/en-us/azure/architecture/cloud-adoption/migrate/migration-considerations/assess/estimate\">https://docs.microsoft.com/en-us/azure/architecture/cloud-adoption/migrate/migration-considerations/assess/estimate</a></span></div>",
        "System.AssignedTo": null,
        "Microsoft.VSTS.Scheduling.RemainingWork": 0.0,
        "Microsoft.VSTS.Common.Priority": 2.0,
        "System.BoardLane": null,
        "System.Tags": "Migrate VM Workload",
        "Microsoft.VSTS.TCM.Steps": null,
        "Microsoft.VSTS.TCM.Parameters": null,
        "Microsoft.VSTS.TCM.LocalDataSource": null,
        "Microsoft.VSTS.TCM.AutomationStatus": null,
        "System.History": null
      },
      "relations": [
        {
          "rel": "System.LinkTypes.Hierarchy-Reverse",
          "url": "https://dev.azure.com/dummy/_apis/wit/workItems/543",
          "attributes": {
            "isLocked": "false",
            "comment": "Making a new link for the dependency",
            "name": "Parent"
          }
        }
      ],
      "url": "https://dev.azure.com/dummy/_apis/wit/workItems/518"
    },
    {
      "id": 516,
      "rev": 2,
      "fields": {
        "System.AreaPath": "Azure Cloud Adoption",
        "System.TeamProject": "Azure Cloud Adoption",
        "System.IterationPath": "Azure Cloud Adoption",
        "System.WorkItemType": "Task",
        "System.State": "New",
        "System.Reason": "New",
        "System.CreatedDate": "2020-02-06T07:49:44.127Z",
        "System.CreatedBy": "",
        "System.ChangedDate": "2021-03-30T12:00:54.857Z",
        "System.ChangedBy": "",
        "System.Title": "Governance Review",
        "Microsoft.VSTS.Scheduling.Effort": 0.0,
        "System.Description": "<div>Validate adherence to governance or compliance requirements&nbsp;<a href=\"https://docs.microsoft.com/en-us/azure/architecture/cloud-adoption/migrate/migration-considerations/optimize/promote\">https://docs.microsoft.com/en-us/azure/architecture/cloud-adoption/migrate/migration-considerations/optimize/promote</a></div>",
        "System.AssignedTo": null,
        "Microsoft.VSTS.Scheduling.RemainingWork": 0.0,
        "Microsoft.VSTS.Common.Priority": 2.0,
        "System.BoardLane": null,
        "System.Tags": "Migrate VM Workload",
        "Microsoft.VSTS.TCM.Steps": null,
        "Microsoft.VSTS.TCM.Parameters": null,
        "Microsoft.VSTS.TCM.LocalDataSource": null,
        "Microsoft.VSTS.TCM.AutomationStatus": null,
        "System.History": null
      },
      "relations": [
        {
          "rel": "System.LinkTypes.Hierarchy-Reverse",
          "url": "https://dev.azure.com/dummy/_apis/wit/workItems/549",
          "attributes": {
            "isLocked": "false",
            "comment": "Making a new link for the dependency",
            "name": "Parent"
          }
        }
      ],
      "url": "https://dev.azure.com/dummy/_apis/wit/workItems/516"
    },
    {
      "id": 513,
      "rev": 2,
      "fields": {
        "System.AreaPath": "Azure Cloud Adoption",
        "System.TeamProject": "Azure Cloud Adoption",
        "System.IterationPath": "Azure Cloud Adoption",
        "System.WorkItemType": "Task",
        "System.State": "New",
        "System.Reason": "New",
        "System.CreatedDate": "2020-02-06T07:49:43.21Z",
        "System.CreatedBy": "",
        "System.ChangedDate": "2021-03-30T12:00:13.053Z",
        "System.ChangedBy": "",
        "System.Title": "Adjust sizing",
        "Microsoft.VSTS.Scheduling.Effort": 0.0,
        "System.Description": "<div>Change the size of the deployed asset&nbsp;<a href=\"https://docs.microsoft.com/en-us/azure/architecture/cloud-adoption/migrate/migration-considerations/optimize/optimize\">https://docs.microsoft.com/en-us/azure/architecture/cloud-adoption/migrate/migration-considerations/optimize/optimize</a></div>",
        "System.AssignedTo": null,
        "Microsoft.VSTS.Scheduling.RemainingWork": 0.0,
        "Microsoft.VSTS.Common.Priority": 2.0,
        "System.BoardLane": null,
        "System.Tags": "Migrate VM Workload",
        "Microsoft.VSTS.TCM.Steps": null,
        "Microsoft.VSTS.TCM.Parameters": null,
        "Microsoft.VSTS.TCM.LocalDataSource": null,
        "Microsoft.VSTS.TCM.AutomationStatus": null,
        "System.History": null
      },
      "relations": [
        {
          "rel": "System.LinkTypes.Hierarchy-Reverse",
          "url": "https://dev.azure.com/dummy/_apis/wit/workItems/548",
          "attributes": {
            "isLocked": "false",
            "comment": "Making a new link for the dependency",
            "name": "Parent"
          }
        }
      ],
      "url": "https://dev.azure.com/dummy/_apis/wit/workItems/513"
    },
    {
      "id": 512,
      "rev": 2,
      "fields": {
        "System.AreaPath": "Azure Cloud Adoption",
        "System.TeamProject": "Azure Cloud Adoption",
        "System.IterationPath": "Azure Cloud Adoption",
        "System.WorkItemType": "Task",
        "System.State": "New",
        "System.Reason": "New",
        "System.CreatedDate": "2020-02-06T07:49:42.933Z",
        "System.CreatedBy": "",
        "System.ChangedDate": "2021-03-30T12:00:05.487Z",
        "System.ChangedBy": "",
        "System.Title": "Decide on optimization timing",
        "Microsoft.VSTS.Scheduling.Effort": 0.0,
        "System.Description": "<div>Decide if testing is sufficient to optimize (Or if optimization should happen after promotion)&nbsp;<a href=\"https://docs.microsoft.com/en-us/azure/architecture/cloud-adoption/migrate/migration-considerations/optimize/optimize\">https://docs.microsoft.com/en-us/azure/architecture/cloud-adoption/migrate/migration-considerations/optimize/optimize</a></div>",
        "System.AssignedTo": null,
        "Microsoft.VSTS.Scheduling.RemainingWork": 0.0,
        "Microsoft.VSTS.Common.Priority": 2.0,
        "System.BoardLane": null,
        "System.Tags": "Migrate VM Workload",
        "Microsoft.VSTS.TCM.Steps": null,
        "Microsoft.VSTS.TCM.Parameters": null,
        "Microsoft.VSTS.TCM.LocalDataSource": null,
        "Microsoft.VSTS.TCM.AutomationStatus": null,
        "System.History": null
      },
      "relations": [
        {
          "rel": "System.LinkTypes.Hierarchy-Reverse",
          "url": "https://dev.azure.com/dummy/_apis/wit/workItems/548",
          "attributes": {
            "isLocked": "false",
            "comment": "Making a new link for the dependency",
            "name": "Parent"
          }
        }
      ],
      "url": "https://dev.azure.com/dummy/_apis/wit/workItems/512"
    },
    {
      "id": 507,
      "rev": 2,
      "fields": {
        "System.AreaPath": "Azure Cloud Adoption",
        "System.TeamProject": "Azure Cloud Adoption",
        "System.IterationPath": "Azure Cloud Adoption",
        "System.WorkItemType": "Task",
        "System.State": "New",
        "System.Reason": "New",
        "System.CreatedDate": "2020-02-06T07:49:41.44Z",
        "System.CreatedBy": "",
        "System.ChangedDate": "2021-03-30T12:00:44.543Z",
        "System.ChangedBy": "",
        "System.Title": "Security Review",
        "Microsoft.VSTS.Scheduling.Effort": 0.0,
        "System.Description": "<div>Validate adherence to security baseline&nbsp;<a href=\"https://docs.microsoft.com/en-us/azure/architecture/cloud-adoption/migrate/migration-considerations/optimize/promote\">https://docs.microsoft.com/en-us/azure/architecture/cloud-adoption/migrate/migration-considerations/optimize/promote</a></div>",
        "System.AssignedTo": null,
        "Microsoft.VSTS.Scheduling.RemainingWork": 0.0,
        "Microsoft.VSTS.Common.Priority": 2.0,
        "System.BoardLane": null,
        "System.Tags": "Migrate VM Workload",
        "Microsoft.VSTS.TCM.Steps": null,
        "Microsoft.VSTS.TCM.Parameters": null,
        "Microsoft.VSTS.TCM.LocalDataSource": null,
        "Microsoft.VSTS.TCM.AutomationStatus": null,
        "System.History": null
      },
      "relations": [
        {
          "rel": "System.LinkTypes.Hierarchy-Reverse",
          "url": "https://dev.azure.com/dummy/_apis/wit/workItems/549",
          "attributes": {
            "isLocked": "false",
            "comment": "Making a new link for the dependency",
            "name": "Parent"
          }
        }
      ],
      "url": "https://dev.azure.com/dummy/_apis/wit/workItems/507"
    },
    {
      "id": 505,
      "rev": 2,
      "fields": {
        "System.AreaPath": "Azure Cloud Adoption",
        "System.TeamProject": "Azure Cloud Adoption",
        "System.IterationPath": "Azure Cloud Adoption",
        "System.WorkItemType": "Task",
        "System.State": "New",
        "System.Reason": "New",
        "System.CreatedDate": "2020-02-06T07:49:40.41Z",
        "System.CreatedBy": "",
        "System.ChangedDate": "2021-03-30T11:58:07.54Z",
        "System.ChangedBy": "",
        "System.Title": "Architect workload",
        "Microsoft.VSTS.Scheduling.Effort": 0.0,
        "System.Description": "<div><span>Define future state architecture for the workload:&nbsp;<a href=\"https://docs.microsoft.com/en-us/azure/architecture/cloud-adoption/migrate/migration-considerations/assess/architect\">https://docs.microsoft.com/en-us/azure/architecture/cloud-adoption/migrate/migration-considerations/assess/architect</a></span></div><div><br></div><div>Network, Subnets, NSG etc</div><div><br></div>",
        "System.AssignedTo": null,
        "Microsoft.VSTS.Scheduling.RemainingWork": 0.0,
        "Microsoft.VSTS.Common.Priority": 2.0,
        "System.BoardLane": null,
        "System.Tags": "Migrate VM Workload",
        "Microsoft.VSTS.TCM.Steps": null,
        "Microsoft.VSTS.TCM.Parameters": null,
        "Microsoft.VSTS.TCM.LocalDataSource": null,
        "Microsoft.VSTS.TCM.AutomationStatus": null,
        "System.History": null
      },
      "relations": [
        {
          "rel": "System.LinkTypes.Hierarchy-Reverse",
          "url": "https://dev.azure.com/dummy/_apis/wit/workItems/543",
          "attributes": {
            "isLocked": "false",
            "comment": "Making a new link for the dependency",
            "name": "Parent"
          }
        }
      ],
      "url": "https://dev.azure.com/dummy/_apis/wit/workItems/505"
    },
    {
      "id": 501,
      "rev": 1,
      "fields": {
        "System.AreaPath": "Azure Cloud Adoption",
        "System.TeamProject": "Azure Cloud Adoption",
        "System.IterationPath": "Azure Cloud Adoption",
        "System.WorkItemType": "Task",
        "System.State": "New",
        "System.Reason": "New",
        "System.CreatedDate": "2020-02-06T07:49:39.24Z",
        "System.CreatedBy": "",
        "System.ChangedDate": "2020-02-06T07:49:39.24Z",
        "System.ChangedBy": "",
        "System.Title": "Configure on-premises DNS for private cloud",
        "Microsoft.VSTS.Scheduling.Effort": 0.0,
        "System.Description": "<div><span><a href=\"https://docs.azure.cloudsimple.com/on-premises-dns-setup/\">https://docs.azure.cloudsimple.com/on-premises-dns-setup/</a><br></span></div>",
        "System.AssignedTo": null,
        "Microsoft.VSTS.Scheduling.RemainingWork": 0.0,
        "Microsoft.VSTS.Common.Priority": 2.0,
        "System.BoardLane": null,
        "System.Tags": "First Host",
        "Microsoft.VSTS.TCM.Steps": null,
        "Microsoft.VSTS.TCM.Parameters": null,
        "Microsoft.VSTS.TCM.LocalDataSource": null,
        "Microsoft.VSTS.TCM.AutomationStatus": null,
        "System.History": null
      },
      "relations": null,
      "url": "https://dev.azure.com/dummy/_apis/wit/workItems/501"
    },
    {
      "id": 500,
      "rev": 1,
      "fields": {
        "System.AreaPath": "Azure Cloud Adoption",
        "System.TeamProject": "Azure Cloud Adoption",
        "System.IterationPath": "Azure Cloud Adoption",
        "System.WorkItemType": "Task",
        "System.State": "New",
        "System.Reason": "New",
        "System.CreatedDate": "2020-02-06T07:49:38.97Z",
        "System.CreatedBy": "",
        "System.ChangedDate": "2020-02-06T07:49:38.97Z",
        "System.ChangedBy": "",
        "System.Title": "Escalate private cloud privileges",
        "Microsoft.VSTS.Scheduling.Effort": 0.0,
        "System.Description": "<div><span><a href=\"https://docs.azure.cloudsimple.com/escalate-privileges/\">https://docs.azure.cloudsimple.com/escalate-privileges/</a><br></span></div>",
        "System.AssignedTo": null,
        "Microsoft.VSTS.Scheduling.RemainingWork": 0.0,
        "Microsoft.VSTS.Common.Priority": 2.0,
        "System.BoardLane": null,
        "System.Tags": "First Host",
        "Microsoft.VSTS.TCM.Steps": null,
        "Microsoft.VSTS.TCM.Parameters": null,
        "Microsoft.VSTS.TCM.LocalDataSource": null,
        "Microsoft.VSTS.TCM.AutomationStatus": null,
        "System.History": null
      },
      "relations": null,
      "url": "https://dev.azure.com/dummy/_apis/wit/workItems/500"
    },
    {
      "id": 499,
      "rev": 1,
      "fields": {
        "System.AreaPath": "Azure Cloud Adoption",
        "System.TeamProject": "Azure Cloud Adoption",
        "System.IterationPath": "Azure Cloud Adoption",
        "System.WorkItemType": "Task",
        "System.State": "New",
        "System.Reason": "New",
        "System.CreatedDate": "2020-02-06T07:49:38.38Z",
        "System.CreatedBy": "",
        "System.ChangedDate": "2020-02-06T07:49:38.38Z",
        "System.ChangedBy": "",
        "System.Title": "Evaluate migration options used to migrate the first host",
        "Microsoft.VSTS.Scheduling.Effort": 0.0,
        "System.Description": "<div><span>Determine which approaches are to be supported during iterative migration processes</span></div>",
        "System.AssignedTo": null,
        "Microsoft.VSTS.Scheduling.RemainingWork": 0.0,
        "Microsoft.VSTS.Common.Priority": 2.0,
        "System.BoardLane": null,
        "System.Tags": "First Host",
        "Microsoft.VSTS.TCM.Steps": null,
        "Microsoft.VSTS.TCM.Parameters": null,
        "Microsoft.VSTS.TCM.LocalDataSource": null,
        "Microsoft.VSTS.TCM.AutomationStatus": null,
        "System.History": null
      },
      "relations": [
        {
          "rel": "System.LinkTypes.Hierarchy-Reverse",
          "url": "https://dev.azure.com/dummy/_apis/wit/workItems/553",
          "attributes": {
            "isLocked": "false",
            "comment": "Making a new link for the dependency",
            "name": "Parent"
          }
        }
      ],
      "url": "https://dev.azure.com/dummy/_apis/wit/workItems/499"
    },
    {
      "id": 495,
      "rev": 2,
      "fields": {
        "System.AreaPath": "Azure Cloud Adoption",
        "System.TeamProject": "Azure Cloud Adoption",
        "System.IterationPath": "Azure Cloud Adoption",
        "System.WorkItemType": "Task",
        "System.State": "New",
        "System.Reason": "New",
        "System.CreatedDate": "2020-02-06T07:49:37.01Z",
        "System.CreatedBy": "",
        "System.ChangedDate": "2021-03-30T11:57:41.153Z",
        "System.ChangedBy": "",
        "System.Title": "Evaluate workload and asset readiness",
        "Microsoft.VSTS.Scheduling.Effort": 0.0,
        "System.Description": "<div><span><a href=\"https://docs.microsoft.com/en-us/azure/architecture/cloud-adoption/migrate/migration-considerations/assess/evaluate\">https://docs.microsoft.com/en-us/azure/architecture/cloud-adoption/migrate/migration-considerations/assess/evaluate</a><br></span></div>",
        "System.AssignedTo": null,
        "Microsoft.VSTS.Scheduling.RemainingWork": 0.0,
        "Microsoft.VSTS.Common.Priority": 2.0,
        "System.BoardLane": null,
        "System.Tags": "Migrate VM Workload",
        "Microsoft.VSTS.TCM.Steps": null,
        "Microsoft.VSTS.TCM.Parameters": null,
        "Microsoft.VSTS.TCM.LocalDataSource": null,
        "Microsoft.VSTS.TCM.AutomationStatus": null,
        "System.History": null
      },
      "relations": [
        {
          "rel": "System.LinkTypes.Hierarchy-Reverse",
          "url": "https://dev.azure.com/dummy/_apis/wit/workItems/543",
          "attributes": {
            "isLocked": "false",
            "comment": "Making a new link for the dependency",
            "name": "Parent"
          }
        }
      ],
      "url": "https://dev.azure.com/dummy/_apis/wit/workItems/495"
    },
    {
      "id": 493,
      "rev": 2,
      "fields": {
        "System.AreaPath": "Azure Cloud Adoption",
        "System.TeamProject": "Azure Cloud Adoption",
        "System.IterationPath": "Azure Cloud Adoption",
        "System.WorkItemType": "Task",
        "System.State": "New",
        "System.Reason": "New",
        "System.CreatedDate": "2020-02-06T07:49:36.417Z",
        "System.CreatedBy": "",
        "System.ChangedDate": "2021-03-30T12:00:36.743Z",
        "System.ChangedBy": "",
        "System.Title": "Network dependencies",
        "Microsoft.VSTS.Scheduling.Effort": 0.0,
        "System.Description": "<div>Validate network traffic based on scale test to identify unplanned dependencies&nbsp;<a href=\"https://docs.microsoft.com/en-us/azure/architecture/cloud-adoption/migrate/migration-considerations/optimize/promote\">https://docs.microsoft.com/en-us/azure/architecture/cloud-adoption/migrate/migration-considerations/optimize/promote</a></div>",
        "System.AssignedTo": null,
        "Microsoft.VSTS.Scheduling.RemainingWork": 0.0,
        "Microsoft.VSTS.Common.Priority": 2.0,
        "System.BoardLane": null,
        "System.Tags": "Migrate VM Workload",
        "Microsoft.VSTS.TCM.Steps": null,
        "Microsoft.VSTS.TCM.Parameters": null,
        "Microsoft.VSTS.TCM.LocalDataSource": null,
        "Microsoft.VSTS.TCM.AutomationStatus": null,
        "System.History": null
      },
      "relations": [
        {
          "rel": "System.LinkTypes.Hierarchy-Reverse",
          "url": "https://dev.azure.com/dummy/_apis/wit/workItems/549",
          "attributes": {
            "isLocked": "false",
            "comment": "Making a new link for the dependency",
            "name": "Parent"
          }
        }
      ],
      "url": "https://dev.azure.com/dummy/_apis/wit/workItems/493"
    },
    {
      "id": 489,
      "rev": 2,
      "fields": {
        "System.AreaPath": "Azure Cloud Adoption",
        "System.TeamProject": "Azure Cloud Adoption",
        "System.IterationPath": "Azure Cloud Adoption",
        "System.WorkItemType": "Task",
        "System.State": "New",
        "System.Reason": "New",
        "System.CreatedDate": "2020-02-06T07:49:35.143Z",
        "System.CreatedBy": "",
        "System.ChangedDate": "2021-03-30T11:59:39.897Z",
        "System.ChangedBy": "",
        "System.Title": "Set up Azure Monitor to track performance",
        "Microsoft.VSTS.Scheduling.Effort": 0.0,
        "System.Description": "Implement Azure monitor to track CPU, Memory, and other performance metrics on VMs",
        "System.AssignedTo": null,
        "Microsoft.VSTS.Scheduling.RemainingWork": 0.0,
        "Microsoft.VSTS.Common.Priority": 2.0,
        "System.BoardLane": null,
        "System.Tags": "Migrate VM Workload",
        "Microsoft.VSTS.TCM.Steps": null,
        "Microsoft.VSTS.TCM.Parameters": null,
        "Microsoft.VSTS.TCM.LocalDataSource": null,
        "Microsoft.VSTS.TCM.AutomationStatus": null,
        "System.History": null
      },
      "relations": [
        {
          "rel": "System.LinkTypes.Hierarchy-Reverse",
          "url": "https://dev.azure.com/dummy/_apis/wit/workItems/547",
          "attributes": {
            "isLocked": "false",
            "comment": "Making a new link for the dependency",
            "name": "Parent"
          }
        }
      ],
      "url": "https://dev.azure.com/dummy/_apis/wit/workItems/489"
    },
    {
      "id": 488,
      "rev": 2,
      "fields": {
        "System.AreaPath": "Azure Cloud Adoption",
        "System.TeamProject": "Azure Cloud Adoption",
        "System.IterationPath": "Azure Cloud Adoption",
        "System.WorkItemType": "Task",
        "System.State": "New",
        "System.Reason": "New",
        "System.CreatedDate": "2020-02-06T07:49:34.557Z",
        "System.CreatedBy": "",
        "System.ChangedDate": "2021-03-30T11:59:59.177Z",
        "System.ChangedBy": "",
        "System.Title": "Review test results",
        "Microsoft.VSTS.Scheduling.Effort": 0.0,
        "System.Description": "<div>Review results of the workload test to evaluate data and proper sizing&nbsp;<a href=\"https://docs.microsoft.com/en-us/azure/architecture/cloud-adoption/migrate/migration-considerations/optimize/optimize\">https://docs.microsoft.com/en-us/azure/architecture/cloud-adoption/migrate/migration-considerations/optimize/optimize</a></div>",
        "System.AssignedTo": null,
        "Microsoft.VSTS.Scheduling.RemainingWork": 0.0,
        "Microsoft.VSTS.Common.Priority": 2.0,
        "System.BoardLane": null,
        "System.Tags": "Migrate VM Workload",
        "Microsoft.VSTS.TCM.Steps": null,
        "Microsoft.VSTS.TCM.Parameters": null,
        "Microsoft.VSTS.TCM.LocalDataSource": null,
        "Microsoft.VSTS.TCM.AutomationStatus": null,
        "System.History": null
      },
      "relations": [
        {
          "rel": "System.LinkTypes.Hierarchy-Reverse",
          "url": "https://dev.azure.com/dummy/_apis/wit/workItems/548",
          "attributes": {
            "isLocked": "false",
            "comment": "Making a new link for the dependency",
            "name": "Parent"
          }
        }
      ],
      "url": "https://dev.azure.com/dummy/_apis/wit/workItems/488"
    },
    {
      "id": 487,
      "rev": 1,
      "fields": {
        "System.AreaPath": "Azure Cloud Adoption",
        "System.TeamProject": "Azure Cloud Adoption",
        "System.IterationPath": "Azure Cloud Adoption",
        "System.WorkItemType": "Task",
        "System.State": "New",
        "System.Reason": "New",
        "System.CreatedDate": "2020-02-06T07:49:33.83Z",
        "System.CreatedBy": "",
        "System.ChangedDate": "2020-02-06T07:49:33.83Z",
        "System.ChangedBy": "",
        "System.Title": "Create timelines",
        "Microsoft.VSTS.Scheduling.Effort": 0.0,
        "System.Description": "<div><span><a href=\"https://docs.microsoft.com/en-us/azure/architecture/cloud-adoption/plan/timelines\">Create timelines</a> to align expectations across the business and IT teams.</span></div>",
        "System.AssignedTo": null,
        "Microsoft.VSTS.Scheduling.RemainingWork": 0.0,
        "Microsoft.VSTS.Common.Priority": 2.0,
        "System.BoardLane": null,
        "System.Tags": "Plan",
        "Microsoft.VSTS.TCM.Steps": null,
        "Microsoft.VSTS.TCM.Parameters": null,
        "Microsoft.VSTS.TCM.LocalDataSource": null,
        "Microsoft.VSTS.TCM.AutomationStatus": null,
        "System.History": null
      },
      "relations": [
        {
          "rel": "System.LinkTypes.Hierarchy-Reverse",
          "url": "https://dev.azure.com/dummy/_apis/wit/workItems/561",
          "attributes": {
            "isLocked": "false",
            "comment": "Making a new link for the dependency",
            "name": "Parent"
          }
        }
      ],
      "url": "https://dev.azure.com/dummy/_apis/wit/workItems/487"
    },
    {
      "id": 486,
      "rev": 1,
      "fields": {
        "System.AreaPath": "Azure Cloud Adoption",
        "System.TeamProject": "Azure Cloud Adoption",
        "System.IterationPath": "Azure Cloud Adoption",
        "System.WorkItemType": "Task",
        "System.State": "New",
        "System.Reason": "New",
        "System.CreatedDate": "2020-02-06T07:49:33.517Z",
        "System.CreatedBy": "",
        "System.ChangedDate": "2020-02-06T07:49:33.517Z",
        "System.ChangedBy": "",
        "System.Title": "Define iterations and releases",
        "Microsoft.VSTS.Scheduling.Effort": 0.0,
        "System.Description": "<div><span><a href=\"https://docs.microsoft.com/en-us/azure/architecture/cloud-adoption/plan/iteration-paths\">Update the iteration path</a> of each workload to define iterations of work and iterations of production workload releases.</span></div>",
        "System.AssignedTo": null,
        "Microsoft.VSTS.Scheduling.RemainingWork": 0.0,
        "Microsoft.VSTS.Common.Priority": 2.0,
        "System.BoardLane": null,
        "System.Tags": "Plan",
        "Microsoft.VSTS.TCM.Steps": null,
        "Microsoft.VSTS.TCM.Parameters": null,
        "Microsoft.VSTS.TCM.LocalDataSource": null,
        "Microsoft.VSTS.TCM.AutomationStatus": null,
        "System.History": null
      },
      "relations": [
        {
          "rel": "System.LinkTypes.Hierarchy-Reverse",
          "url": "https://dev.azure.com/dummy/_apis/wit/workItems/561",
          "attributes": {
            "isLocked": "false",
            "comment": "Making a new link for the dependency",
            "name": "Parent"
          }
        }
      ],
      "url": "https://dev.azure.com/dummy/_apis/wit/workItems/486"
    },
    {
      "id": 485,
      "rev": 1,
      "fields": {
        "System.AreaPath": "Azure Cloud Adoption",
        "System.TeamProject": "Azure Cloud Adoption",
        "System.IterationPath": "Azure Cloud Adoption",
        "System.WorkItemType": "Task",
        "System.State": "New",
        "System.Reason": "New",
        "System.CreatedDate": "2020-02-06T07:49:33.23Z",
        "System.CreatedBy": "",
        "System.ChangedDate": "2020-02-06T07:49:33.23Z",
        "System.ChangedBy": "",
        "System.Title": "Align assets to workloads",
        "Microsoft.VSTS.Scheduling.Effort": 0.0,
        "System.Description": "<div><span>Ensure that all <a href=\"https://docs.microsoft.com/en-us/azure/architecture/cloud-adoption/plan/assets\">assets are aligned</a> to at least one workload</span></div>",
        "System.AssignedTo": null,
        "Microsoft.VSTS.Scheduling.RemainingWork": 0.0,
        "Microsoft.VSTS.Common.Priority": 2.0,
        "System.BoardLane": null,
        "System.Tags": "Plan",
        "Microsoft.VSTS.TCM.Steps": null,
        "Microsoft.VSTS.TCM.Parameters": null,
        "Microsoft.VSTS.TCM.LocalDataSource": null,
        "Microsoft.VSTS.TCM.AutomationStatus": null,
        "System.History": null
      },
      "relations": [
        {
          "rel": "System.LinkTypes.Hierarchy-Reverse",
          "url": "https://dev.azure.com/dummy/_apis/wit/workItems/561",
          "attributes": {
            "isLocked": "false",
            "comment": "Making a new link for the dependency",
            "name": "Parent"
          }
        }
      ],
      "url": "https://dev.azure.com/dummy/_apis/wit/workItems/485"
    },
    {
      "id": 484,
      "rev": 1,
      "fields": {
        "System.AreaPath": "Azure Cloud Adoption",
        "System.TeamProject": "Azure Cloud Adoption",
        "System.IterationPath": "Azure Cloud Adoption",
        "System.WorkItemType": "Task",
        "System.State": "New",
        "System.Reason": "New",
        "System.CreatedDate": "2020-02-06T07:49:32.96Z",
        "System.CreatedBy": "",
        "System.ChangedDate": "2020-02-06T07:49:32.96Z",
        "System.ChangedBy": "",
        "System.Title": "Prioritize workloads",
        "Microsoft.VSTS.Scheduling.Effort": 0.0,
        "System.Description": "<div><span><a href=\"https://docs.microsoft.com/en-us/azure/architecture/cloud-adoption/plan/workloads\">Define and prioritize workloads</a> in the backlog</span></div>",
        "System.AssignedTo": null,
        "Microsoft.VSTS.Scheduling.RemainingWork": 0.0,
        "Microsoft.VSTS.Common.Priority": 2.0,
        "System.BoardLane": null,
        "System.Tags": "Plan",
        "Microsoft.VSTS.TCM.Steps": null,
        "Microsoft.VSTS.TCM.Parameters": null,
        "Microsoft.VSTS.TCM.LocalDataSource": null,
        "Microsoft.VSTS.TCM.AutomationStatus": null,
        "System.History": null
      },
      "relations": [
        {
          "rel": "System.LinkTypes.Hierarchy-Reverse",
          "url": "https://dev.azure.com/dummy/_apis/wit/workItems/561",
          "attributes": {
            "isLocked": "false",
            "comment": "Making a new link for the dependency",
            "name": "Parent"
          }
        }
      ],
      "url": "https://dev.azure.com/dummy/_apis/wit/workItems/484"
    }
  ],
  "HttpStatusCode": 0,
  "Message": null
}